2026-02-13 13:10:38: 2026-02-13 13:10:38 [info] : [EXEC] ExpiredChannel - Args: [ 'room:game:timer:18', [Commander], [Namespace], [Namespace], [Namespace] ]
2026-02-13 13:10:38: 2026-02-13 13:10:38 [info] : [ExpiredChannel] Received expired key: room:game:timer:18
2026-02-13 13:10:38: 2026-02-13 13:10:38 [info] : [EXEC] ExpiredChannel - Args: [ 'room:game:timer:8', [Commander], [Namespace], [Namespace], [Namespace] ]
2026-02-13 13:10:38: 2026-02-13 13:10:38 [info] : [ExpiredChannel] Received expired key: room:game:timer:8
2026-02-13 13:10:38: 2026-02-13 13:10:38 [info] : [DONE] ExpiredChannel - Duration: 4ms
2026-02-13 13:10:38: 2026-02-13 13:10:38 [info] : [DONE] ExpiredChannel - Duration: 1ms
2026-02-13 13:10:38: 2026-02-13 13:10:38 [info] : [EXEC] ExpiredChannel - Args: [ 'room:game:timer:18', [Commander], [Namespace], [Namespace], [Namespace] ]
2026-02-13 13:10:38: 2026-02-13 13:10:38 [info] : [ExpiredChannel] Received expired key: room:game:timer:18
2026-02-13 13:10:38: 2026-02-13 13:10:38 [info] : [EXEC] ExpiredChannel - Args: [ 'room:game:timer:8', [Commander], [Namespace], [Namespace], [Namespace] ]
2026-02-13 13:10:38: 2026-02-13 13:10:38 [info] : [ExpiredChannel] Received expired key: room:game:timer:8
2026-02-13 13:10:38: 2026-02-13 13:10:38 [info] : [DONE] ExpiredChannel - Duration: 8ms
2026-02-13 13:10:38: 2026-02-13 13:10:38 [info] : [DONE] ExpiredChannel - Duration: 2ms
2026-02-13 13:10:38: 2026-02-13 13:10:38 [info] : [EXEC] ExpiredChannel - Args: [ 'room:game:timer:10', [Commander], [Namespace], [Namespace], [Namespace] ]
2026-02-13 13:10:38: 2026-02-13 13:10:38 [info] : [ExpiredChannel] Received expired key: room:game:timer:10
2026-02-13 13:10:38: 2026-02-13 13:10:38 [info] : [DONE] ExpiredChannel - Duration: 1ms
2026-02-13 13:10:38: 2026-02-13 13:10:38 [info] : [EXEC] ExpiredChannel - Args: [ 'room:game:timer:10', [Commander], [Namespace], [Namespace], [Namespace] ]
2026-02-13 13:10:38: 2026-02-13 13:10:38 [info] : [ExpiredChannel] Received expired key: room:game:timer:10
2026-02-13 13:10:38: 2026-02-13 13:10:38 [info] : [DONE] ExpiredChannel - Duration: 1ms
2026-02-13 13:10:38: 2026-02-13 13:10:38 [info] : [EXEC] ExpiredChannel - Args: [ 'room:game:timer:27', [Commander], [Namespace], [Namespace], [Namespace] ]
2026-02-13 13:10:38: 2026-02-13 13:10:38 [info] : [ExpiredChannel] Received expired key: room:game:timer:27
2026-02-13 13:10:38: 2026-02-13 13:10:38 [info] : [EXEC] ExpiredChannel - Args: [ 'room:game:timer:27', [Commander], [Namespace], [Namespace], [Namespace] ]
2026-02-13 13:10:38: 2026-02-13 13:10:38 [info] : [ExpiredChannel] Received expired key: room:game:timer:27
2026-02-13 13:10:38: 2026-02-13 13:10:38 [info] : [DONE] ExpiredChannel - Duration: 1ms
2026-02-13 13:10:38: 2026-02-13 13:10:38 [info] : [DONE] ExpiredChannel - Duration: 1ms
2026-02-13 13:10:38: 2026-02-13 13:10:38 [info] : [EXEC] ExpiredChannel - Args: [ 'room:game:timer:26', [Commander], [Namespace], [Namespace], [Namespace] ]
2026-02-13 13:10:38: 2026-02-13 13:10:38 [info] : [ExpiredChannel] Received expired key: room:game:timer:26
2026-02-13 13:10:38: 2026-02-13 13:10:38 [info] : [EXEC] ExpiredChannel - Args: [ 'room:game:timer:26', [Commander], [Namespace], [Namespace], [Namespace] ]
2026-02-13 13:10:38: 2026-02-13 13:10:38 [info] : [ExpiredChannel] Received expired key: room:game:timer:26
2026-02-13 13:10:38: 2026-02-13 13:10:38 [info] : [EXEC] ExpiredChannel - Args: [ 'room:game:timer:2', [Commander], [Namespace], [Namespace], [Namespace] ]
2026-02-13 13:10:38: 2026-02-13 13:10:38 [info] : [ExpiredChannel] Received expired key: room:game:timer:2
2026-02-13 13:10:38: 2026-02-13 13:10:38 [info] : [EXEC] ExpiredChannel - Args: [ 'room:game:timer:2', [Commander], [Namespace], [Namespace], [Namespace] ]
2026-02-13 13:10:38: 2026-02-13 13:10:38 [info] : [DONE] ExpiredChannel - Duration: 2ms
2026-02-13 13:10:38: 2026-02-13 13:10:38 [info] : [DONE] ExpiredChannel - Duration: 1ms
2026-02-13 13:10:38: 2026-02-13 13:10:38 [info] : [ExpiredChannel] Received expired key: room:game:timer:2
2026-02-13 13:10:38: 2026-02-13 13:10:38 [info] : [DONE] ExpiredChannel - Duration: 2ms
2026-02-13 13:10:38: 2026-02-13 13:10:38 [info] : [DONE] ExpiredChannel - Duration: 1ms
2026-02-13 13:10:39: 2026-02-13 13:10:39 [info] : [EXEC] ExpiredChannel - Args: [ 'room:game:timer:32', [Commander], [Namespace], [Namespace], [Namespace] ]
2026-02-13 13:10:39: 2026-02-13 13:10:39 [info] : [ExpiredChannel] Received expired key: room:game:timer:32
2026-02-13 13:10:39: 2026-02-13 13:10:39 [info] : [DONE] ExpiredChannel - Duration: 1ms
2026-02-13 13:10:39: 2026-02-13 13:10:39 [info] : [EXEC] ExpiredChannel - Args: [ 'room:game:timer:32', [Commander], [Namespace], [Namespace], [Namespace] ]
2026-02-13 13:10:39: 2026-02-13 13:10:39 [info] : [ExpiredChannel] Received expired key: room:game:timer:32
2026-02-13 13:10:39: 2026-02-13 13:10:39 [info] : [DONE] ExpiredChannel - Duration: 1ms
2026-02-13 13:10:39: 2026-02-13 13:10:39 [info] : [EXEC] ExpiredChannel - Args: [ 'room:game:timer:5', [Commander], [Namespace], [Namespace], [Namespace] ]
2026-02-13 13:10:39: 2026-02-13 13:10:39 [info] : [ExpiredChannel] Received expired key: room:game:timer:5
2026-02-13 13:10:39: 2026-02-13 13:10:39 [info] : [EXEC] ExpiredChannel - Args: [ 'room:game:timer:5', [Commander], [Namespace], [Namespace], [Namespace] ]
2026-02-13 13:10:39: 2026-02-13 13:10:39 [info] : [DONE] ExpiredChannel - Duration: 1ms
2026-02-13 13:10:39: 2026-02-13 13:10:39 [info] : [ExpiredChannel] Received expired key: room:game:timer:5
2026-02-13 13:10:39: 2026-02-13 13:10:39 [info] : [EXEC] ExpiredChannel - Args: [ 'room:game:timer:4', [Commander], [Namespace], [Namespace], [Namespace] ]
2026-02-13 13:10:39: 2026-02-13 13:10:39 [info] : [ExpiredChannel] Received expired key: room:game:timer:4
2026-02-13 13:10:39: 2026-02-13 13:10:39 [info] : [DONE] ExpiredChannel - Duration: 0ms
2026-02-13 13:10:39: 2026-02-13 13:10:39 [info] : [DONE] ExpiredChannel - Duration: 1ms
2026-02-13 13:10:39: 2026-02-13 13:10:39 [info] : [EXEC] ExpiredChannel - Args: [ 'room:game:timer:4', [Commander], [Namespace], [Namespace], [Namespace] ]
2026-02-13 13:10:39: 2026-02-13 13:10:39 [info] : [ExpiredChannel] Received expired key: room:game:timer:4
2026-02-13 13:10:39: 2026-02-13 13:10:39 [info] : [DONE] ExpiredChannel - Duration: 1ms
2026-02-13 13:10:39: 2026-02-13 13:10:39 [info] : [EXEC] ExpiredChannel - Args: [ 'room:game:timer:3', [Commander], [Namespace], [Namespace], [Namespace] ]
2026-02-13 13:10:39: 2026-02-13 13:10:39 [info] : [ExpiredChannel] Received expired key: room:game:timer:3
2026-02-13 13:10:39: 2026-02-13 13:10:39 [info] : [EXEC] ExpiredChannel - Args: [ 'room:game:timer:3', [Commander], [Namespace], [Namespace], [Namespace] ]
2026-02-13 13:10:39: 2026-02-13 13:10:39 [info] : [ExpiredChannel] Received expired key: room:game:timer:3
2026-02-13 13:10:39: 2026-02-13 13:10:39 [info] : [DONE] ExpiredChannel - Duration: 0ms
2026-02-13 13:10:39: 2026-02-13 13:10:39 [info] : [DONE] ExpiredChannel - Duration: 1ms
2026-02-13 13:10:39: 2026-02-13 13:10:39 [info] : [EXEC] ExpiredChannel - Args: [ 'room:game:timer:6', [Commander], [Namespace], [Namespace], [Namespace] ]
2026-02-13 13:10:39: 2026-02-13 13:10:39 [info] : [ExpiredChannel] Received expired key: room:game:timer:6
2026-02-13 13:10:39: 2026-02-13 13:10:39 [info] : [DONE] ExpiredChannel - Duration: 1ms
2026-02-13 13:10:39: 2026-02-13 13:10:39 [info] : [EXEC] ExpiredChannel - Args: [ 'room:game:timer:6', [Commander], [Namespace], [Namespace], [Namespace] ]
2026-02-13 13:10:39: 2026-02-13 13:10:39 [info] : [ExpiredChannel] Received expired key: room:game:timer:6
2026-02-13 13:10:39: 2026-02-13 13:10:39 [info] : [DONE] ExpiredChannel - Duration: 1ms
2026-02-13 13:10:39: 2026-02-13 13:10:39 [info] : [EXEC] ExpiredChannel - Args: [ 'room:game:timer:1', [Commander], [Namespace], [Namespace], [Namespace] ]
2026-02-13 13:10:39: 2026-02-13 13:10:39 [info] : [ExpiredChannel] Received expired key: room:game:timer:1
2026-02-13 13:10:39: 2026-02-13 13:10:39 [info] : [EXEC] ExpiredChannel - Args: [ 'room:game:timer:1', [Commander], [Namespace], [Namespace], [Namespace] ]
2026-02-13 13:10:39: 2026-02-13 13:10:39 [info] : [ExpiredChannel] Received expired key: room:game:timer:1
2026-02-13 13:10:39: 2026-02-13 13:10:39 [info] : [DONE] ExpiredChannel - Duration: 1ms
2026-02-13 13:10:39: 2026-02-13 13:10:39 [info] : [DONE] ExpiredChannel - Duration: 1ms
2026-02-13 13:10:39: 2026-02-13 13:10:39 [info] : [EXEC] ExpiredChannel - Args: [ 'room:game:timer:7', [Commander], [Namespace], [Namespace], [Namespace] ]
2026-02-13 13:10:39: 2026-02-13 13:10:39 [info] : [EXEC] ExpiredChannel - Args: [ 'room:game:timer:7', [Commander], [Namespace], [Namespace], [Namespace] ]
2026-02-13 13:10:39: 2026-02-13 13:10:39 [info] : [ExpiredChannel] Received expired key: room:game:timer:7
2026-02-13 13:10:39: 2026-02-13 13:10:39 [info] : [DONE] ExpiredChannel - Duration: 0ms
2026-02-13 13:10:39: 2026-02-13 13:10:39 [info] : [ExpiredChannel] Received expired key: room:game:timer:7
2026-02-13 13:10:39: 2026-02-13 13:10:39 [info] : [DONE] ExpiredChannel - Duration: 1ms
2026-02-13 13:10:39: 2026-02-13 13:10:39 [info] : [EXEC] ExpiredChannel - Args: [ 'room:game:timer:11', [Commander], [Namespace], [Namespace], [Namespace] ]
2026-02-13 13:10:39: 2026-02-13 13:10:39 [info] : [ExpiredChannel] Received expired key: room:game:timer:11
2026-02-13 13:10:39: 2026-02-13 13:10:39 [info] : [DONE] ExpiredChannel - Duration: 0ms
2026-02-13 13:10:39: 2026-02-13 13:10:39 [info] : [EXEC] ExpiredChannel - Args: [ 'room:game:timer:11', [Commander], [Namespace], [Namespace], [Namespace] ]
2026-02-13 13:10:39: 2026-02-13 13:10:39 [info] : [ExpiredChannel] Received expired key: room:game:timer:11
2026-02-13 13:10:39: 2026-02-13 13:10:39 [info] : [DONE] ExpiredChannel - Duration: 0ms
2026-02-13 13:10:39: 2026-02-13 13:10:39 [info] : [EXEC] ExpiredChannel - Args: [ 'room:game:timer:12', [Commander], [Namespace], [Namespace], [Namespace] ]
2026-02-13 13:10:39: 2026-02-13 13:10:39 [info] : [ExpiredChannel] Received expired key: room:game:timer:12
2026-02-13 13:10:39: 2026-02-13 13:10:39 [info] : [DONE] ExpiredChannel - Duration: 0ms
2026-02-13 13:10:39: 2026-02-13 13:10:39 [info] : [EXEC] ExpiredChannel - Args: [ 'room:game:timer:9', [Commander], [Namespace], [Namespace], [Namespace] ]
2026-02-13 13:10:39: 2026-02-13 13:10:39 [info] : [ExpiredChannel] Received expired key: room:game:timer:9
2026-02-13 13:10:39: 2026-02-13 13:10:39 [info] : [DONE] ExpiredChannel - Duration: 0ms
2026-02-13 13:10:39: 2026-02-13 13:10:39 [info] : [EXEC] ExpiredChannel - Args: [ 'room:game:timer:16', [Commander], [Namespace], [Namespace], [Namespace] ]
2026-02-13 13:10:39: 2026-02-13 13:10:39 [info] : [ExpiredChannel] Received expired key: room:game:timer:16
2026-02-13 13:10:39: 2026-02-13 13:10:39 [info] : [EXEC] ExpiredChannel - Args: [ 'room:game:timer:17', [Commander], [Namespace], [Namespace], [Namespace] ]
2026-02-13 13:10:39: 2026-02-13 13:10:39 [info] : [ExpiredChannel] Received expired key: room:game:timer:17
2026-02-13 13:10:39: 2026-02-13 13:10:39 [info] : [DONE] ExpiredChannel - Duration: 1ms
2026-02-13 13:10:39: 2026-02-13 13:10:39 [info] : [DONE] ExpiredChannel - Duration: 0ms
2026-02-13 13:10:39: 2026-02-13 13:10:39 [info] : [EXEC] ExpiredChannel - Args: [ 'room:game:timer:19', [Commander], [Namespace], [Namespace], [Namespace] ]
2026-02-13 13:10:39: 2026-02-13 13:10:39 [info] : [ExpiredChannel] Received expired key: room:game:timer:19
2026-02-13 13:10:39: 2026-02-13 13:10:39 [info] : [DONE] ExpiredChannel - Duration: 1ms
2026-02-13 13:10:39: 2026-02-13 13:10:39 [info] : [EXEC] ExpiredChannel - Args: [ 'room:game:timer:15', [Commander], [Namespace], [Namespace], [Namespace] ]
2026-02-13 13:10:39: 2026-02-13 13:10:39 [info] : [ExpiredChannel] Received expired key: room:game:timer:15
2026-02-13 13:10:39: 2026-02-13 13:10:39 [info] : [DONE] ExpiredChannel - Duration: 0ms
2026-02-13 13:10:39: 2026-02-13 13:10:39 [info] : [EXEC] ExpiredChannel - Args: [ 'room:game:timer:12', [Commander], [Namespace], [Namespace], [Namespace] ]
2026-02-13 13:10:39: 2026-02-13 13:10:39 [info] : [ExpiredChannel] Received expired key: room:game:timer:12
2026-02-13 13:10:39: 2026-02-13 13:10:39 [info] : [EXEC] ExpiredChannel - Args: [ 'room:game:timer:9', [Commander], [Namespace], [Namespace], [Namespace] ]
2026-02-13 13:10:39: 2026-02-13 13:10:39 [info] : [ExpiredChannel] Received expired key: room:game:timer:9
2026-02-13 13:10:39: 2026-02-13 13:10:39 [info] : [EXEC] ExpiredChannel - Args: [ 'room:game:timer:16', [Commander], [Namespace], [Namespace], [Namespace] ]
2026-02-13 13:10:39: 2026-02-13 13:10:39 [info] : [ExpiredChannel] Received expired key: room:game:timer:16
2026-02-13 13:10:39: 2026-02-13 13:10:39 [info] : [EXEC] ExpiredChannel - Args: [ 'room:game:timer:17', [Commander], [Namespace], [Namespace], [Namespace] ]
2026-02-13 13:10:39: 2026-02-13 13:10:39 [info] : [ExpiredChannel] Received expired key: room:game:timer:17
2026-02-13 13:10:39: 2026-02-13 13:10:39 [info] : [EXEC] ExpiredChannel - Args: [ 'room:game:timer:19', [Commander], [Namespace], [Namespace], [Namespace] ]
2026-02-13 13:10:39: 2026-02-13 13:10:39 [info] : [EXEC] ExpiredChannel - Args: [ 'room:game:timer:37', [Commander], [Namespace], [Namespace], [Namespace] ]
2026-02-13 13:10:39: 2026-02-13 13:10:39 [info] : [ExpiredChannel] Received expired key: room:game:timer:37
2026-02-13 13:10:39: 2026-02-13 13:10:39 [info] : [ExpiredChannel] Received expired key: room:game:timer:19
2026-02-13 13:10:39: 2026-02-13 13:10:39 [info] : [EXEC] ExpiredChannel - Args: [ 'room:game:timer:15', [Commander], [Namespace], [Namespace], [Namespace] ]
2026-02-13 13:10:39: 2026-02-13 13:10:39 [info] : [ExpiredChannel] Received expired key: room:game:timer:15
2026-02-13 13:10:39: 2026-02-13 13:10:39 [info] : [EXEC] ExpiredChannel - Args: [ 'room:game:timer:37', [Commander], [Namespace], [Namespace], [Namespace] ]
2026-02-13 13:10:39: 2026-02-13 13:10:39 [info] : [ExpiredChannel] Received expired key: room:game:timer:37
2026-02-13 13:10:39: 2026-02-13 13:10:39 [info] : [DONE] ExpiredChannel - Duration: 2ms
2026-02-13 13:10:39: 2026-02-13 13:10:39 [info] : [DONE] ExpiredChannel - Duration: 2ms
2026-02-13 13:10:39: 2026-02-13 13:10:39 [info] : [DONE] ExpiredChannel - Duration: 2ms
2026-02-13 13:10:39: 2026-02-13 13:10:39 [info] : [DONE] ExpiredChannel - Duration: 2ms
2026-02-13 13:10:39: 2026-02-13 13:10:39 [info] : [DONE] ExpiredChannel - Duration: 1ms
2026-02-13 13:10:39: 2026-02-13 13:10:39 [info] : [DONE] ExpiredChannel - Duration: 1ms
2026-02-13 13:10:39: 2026-02-13 13:10:39 [info] : [DONE] ExpiredChannel - Duration: 1ms
2026-02-13 13:10:39: 2026-02-13 13:10:39 [info] : [DONE] ExpiredChannel - Duration: 1ms
2026-02-13 13:10:39: 2026-02-13 13:10:39 [info] : [EXEC] ExpiredChannel - Args: [ 'room:game:timer:38', [Commander], [Namespace], [Namespace], [Namespace] ]
2026-02-13 13:10:39: 2026-02-13 13:10:39 [info] : [ExpiredChannel] Received expired key: room:game:timer:38
2026-02-13 13:10:39: 2026-02-13 13:10:39 [info] : [EXEC] ExpiredChannel - Args: [ 'room:game:timer:38', [Commander], [Namespace], [Namespace], [Namespace] ]
2026-02-13 13:10:39: 2026-02-13 13:10:39 [info] : [ExpiredChannel] Received expired key: room:game:timer:38
2026-02-13 13:10:39: 2026-02-13 13:10:39 [info] : [DONE] ExpiredChannel - Duration: 1ms
2026-02-13 13:10:39: 2026-02-13 13:10:39 [info] : [DONE] ExpiredChannel - Duration: 0ms
2026-02-13 13:10:39: 2026-02-13 13:10:39 [info] : [EXEC] ExpiredChannel - Args: [ 'room:game:timer:39', [Commander], [Namespace], [Namespace], [Namespace] ]
2026-02-13 13:10:39: 2026-02-13 13:10:39 [info] : [ExpiredChannel] Received expired key: room:game:timer:39
2026-02-13 13:10:39: 2026-02-13 13:10:39 [info] : [DONE] ExpiredChannel - Duration: 0ms
2026-02-13 13:10:39: 2026-02-13 13:10:39 [info] : [EXEC] ExpiredChannel - Args: [ 'room:game:timer:39', [Commander], [Namespace], [Namespace], [Namespace] ]
2026-02-13 13:10:39: 2026-02-13 13:10:39 [info] : [ExpiredChannel] Received expired key: room:game:timer:39
2026-02-13 13:10:39: 2026-02-13 13:10:39 [info] : [DONE] ExpiredChannel - Duration: 2ms
2026-02-13 13:10:39: 2026-02-13 13:10:39 [info] : [EXEC] ExpiredChannel - Args: [ 'room:game:timer:40', [Commander], [Namespace], [Namespace], [Namespace] ]
2026-02-13 13:10:39: 2026-02-13 13:10:39 [info] : [ExpiredChannel] Received expired key: room:game:timer:40
2026-02-13 13:10:39: 2026-02-13 13:10:39 [info] : [DONE] ExpiredChannel - Duration: 0ms
2026-02-13 13:10:39: 2026-02-13 13:10:39 [info] : [EXEC] ExpiredChannel - Args: [ 'room:game:timer:41', [Commander], [Namespace], [Namespace], [Namespace] ]
2026-02-13 13:10:39: 2026-02-13 13:10:39 [info] : [ExpiredChannel] Received expired key: room:game:timer:41
2026-02-13 13:10:39: 2026-02-13 13:10:39 [info] : [DONE] ExpiredChannel - Duration: 0ms
2026-02-13 13:10:39: 2026-02-13 13:10:39 [info] : [EXEC] ExpiredChannel - Args: [ 'room:game:timer:42', [Commander], [Namespace], [Namespace], [Namespace] ]
2026-02-13 13:10:39: 2026-02-13 13:10:39 [info] : [ExpiredChannel] Received expired key: room:game:timer:42
2026-02-13 13:10:39: 2026-02-13 13:10:39 [info] : [DONE] ExpiredChannel - Duration: 1ms
2026-02-13 13:10:39: 2026-02-13 13:10:39 [info] : [EXEC] ExpiredChannel - Args: [ 'room:game:timer:48', [Commander], [Namespace], [Namespace], [Namespace] ]
2026-02-13 13:10:39: 2026-02-13 13:10:39 [info] : [ExpiredChannel] Received expired key: room:game:timer:48
2026-02-13 13:10:39: 2026-02-13 13:10:39 [info] : [DONE] ExpiredChannel - Duration: 0ms
2026-02-13 13:10:39: 2026-02-13 13:10:39 [info] : [EXEC] ExpiredChannel - Args: [ 'room:game:timer:40', [Commander], [Namespace], [Namespace], [Namespace] ]
2026-02-13 13:10:39: 2026-02-13 13:10:39 [info] : [ExpiredChannel] Received expired key: room:game:timer:40
2026-02-13 13:10:39: 2026-02-13 13:10:39 [info] : [EXEC] ExpiredChannel - Args: [ 'room:game:timer:41', [Commander], [Namespace], [Namespace], [Namespace] ]
2026-02-13 13:10:39: 2026-02-13 13:10:39 [info] : [ExpiredChannel] Received expired key: room:game:timer:41
2026-02-13 13:10:39: 2026-02-13 13:10:39 [info] : [EXEC] ExpiredChannel - Args: [ 'room:game:timer:42', [Commander], [Namespace], [Namespace], [Namespace] ]
2026-02-13 13:10:39: 2026-02-13 13:10:39 [info] : [ExpiredChannel] Received expired key: room:game:timer:42
2026-02-13 13:10:39: 2026-02-13 13:10:39 [info] : [EXEC] ExpiredChannel - Args: [ 'room:game:timer:48', [Commander], [Namespace], [Namespace], [Namespace] ]
2026-02-13 13:10:39: 2026-02-13 13:10:39 [info] : [ExpiredChannel] Received expired key: room:game:timer:48
2026-02-13 13:10:39: 2026-02-13 13:10:39 [info] : [EXEC] ExpiredChannel - Args: [ 'room:game:timer:43', [Commander], [Namespace], [Namespace], [Namespace] ]
2026-02-13 13:10:39: 2026-02-13 13:10:39 [info] : [ExpiredChannel] Received expired key: room:game:timer:43
2026-02-13 13:10:39: 2026-02-13 13:10:39 [info] : [EXEC] ExpiredChannel - Args: [ 'room:game:timer:43', [Commander], [Namespace], [Namespace], [Namespace] ]
2026-02-13 13:10:39: 2026-02-13 13:10:39 [info] : [ExpiredChannel] Received expired key: room:game:timer:43
2026-02-13 13:10:39: 2026-02-13 13:10:39 [info] : [DONE] ExpiredChannel - Duration: 0ms
2026-02-13 13:10:39: 2026-02-13 13:10:39 [info] : [DONE] ExpiredChannel - Duration: 2ms
2026-02-13 13:10:39: 2026-02-13 13:10:39 [info] : [DONE] ExpiredChannel - Duration: 2ms
2026-02-13 13:10:39: 2026-02-13 13:10:39 [info] : [DONE] ExpiredChannel - Duration: 2ms
2026-02-13 13:10:39: 2026-02-13 13:10:39 [info] : [DONE] ExpiredChannel - Duration: 1ms
2026-02-13 13:10:39: 2026-02-13 13:10:39 [info] : [DONE] ExpiredChannel - Duration: 1ms
2026-02-13 13:10:39: 2026-02-13 13:10:39 [info] : [EXEC] ExpiredChannel - Args: [ 'room:game:timer:49', [Commander], [Namespace], [Namespace], [Namespace] ]
2026-02-13 13:10:39: 2026-02-13 13:10:39 [info] : [ExpiredChannel] Received expired key: room:game:timer:49
2026-02-13 13:10:39: 2026-02-13 13:10:39 [info] : [DONE] ExpiredChannel - Duration: 1ms
2026-02-13 13:10:39: 2026-02-13 13:10:39 [info] : [EXEC] ExpiredChannel - Args: [ 'room:game:timer:49', [Commander], [Namespace], [Namespace], [Namespace] ]
2026-02-13 13:10:39: 2026-02-13 13:10:39 [info] : [ExpiredChannel] Received expired key: room:game:timer:49
2026-02-13 13:10:39: 2026-02-13 13:10:39 [info] : [DONE] ExpiredChannel - Duration: 1ms
2026-02-13 13:10:39: 2026-02-13 13:10:39 [info] : [EXEC] ExpiredChannel - Args: [ 'room:game:timer:44', [Commander], [Namespace], [Namespace], [Namespace] ]
2026-02-13 13:10:39: 2026-02-13 13:10:39 [info] : [ExpiredChannel] Received expired key: room:game:timer:44
2026-02-13 13:10:39: 2026-02-13 13:10:39 [info] : [EXEC] ExpiredChannel - Args: [ 'room:game:timer:44', [Commander], [Namespace], [Namespace], [Namespace] ]
2026-02-13 13:10:39: 2026-02-13 13:10:39 [info] : [ExpiredChannel] Received expired key: room:game:timer:44
2026-02-13 13:10:39: 2026-02-13 13:10:39 [info] : [DONE] ExpiredChannel - Duration: 1ms
2026-02-13 13:10:39: 2026-02-13 13:10:39 [info] : [DONE] ExpiredChannel - Duration: 4ms
2026-02-13 13:10:39: 2026-02-13 13:10:39 [info] : [EXEC] ExpiredChannel - Args: [ 'room:game:timer:50', [Commander], [Namespace], [Namespace], [Namespace] ]
2026-02-13 13:10:39: 2026-02-13 13:10:39 [info] : [ExpiredChannel] Received expired key: room:game:timer:50
2026-02-13 13:10:39: 2026-02-13 13:10:39 [info] : [DONE] ExpiredChannel - Duration: 0ms
2026-02-13 13:10:39: 2026-02-13 13:10:39 [info] : [EXEC] ExpiredChannel - Args: [ 'room:game:timer:13', [Commander], [Namespace], [Namespace], [Namespace] ]
2026-02-13 13:10:39: 2026-02-13 13:10:39 [info] : [ExpiredChannel] Received expired key: room:game:timer:13
2026-02-13 13:10:39: 2026-02-13 13:10:39 [info] : [DONE] ExpiredChannel - Duration: 1ms
2026-02-13 13:10:39: 2026-02-13 13:10:39 [info] : [EXEC] ExpiredChannel - Args: [ 'room:game:timer:50', [Commander], [Namespace], [Namespace], [Namespace] ]
2026-02-13 13:10:39: 2026-02-13 13:10:39 [info] : [EXEC] ExpiredChannel - Args: [ 'room:game:timer:14', [Commander], [Namespace], [Namespace], [Namespace] ]
2026-02-13 13:10:39: 2026-02-13 13:10:39 [info] : [ExpiredChannel] Received expired key: room:game:timer:14
2026-02-13 13:10:39: 2026-02-13 13:10:39 [info] : [DONE] ExpiredChannel - Duration: 0ms
2026-02-13 13:10:39: 2026-02-13 13:10:39 [info] : [ExpiredChannel] Received expired key: room:game:timer:50
2026-02-13 13:10:39: 2026-02-13 13:10:39 [info] : [EXEC] ExpiredChannel - Args: [ 'room:game:timer:29', [Commander], [Namespace], [Namespace], [Namespace] ]
2026-02-13 13:10:39: 2026-02-13 13:10:39 [info] : [ExpiredChannel] Received expired key: room:game:timer:29
2026-02-13 13:10:39: 2026-02-13 13:10:39 [info] : [DONE] ExpiredChannel - Duration: 0ms
2026-02-13 13:10:39: 2026-02-13 13:10:39 [info] : [EXEC] ExpiredChannel - Args: [ 'room:game:timer:33', [Commander], [Namespace], [Namespace], [Namespace] ]
2026-02-13 13:10:39: 2026-02-13 13:10:39 [info] : [ExpiredChannel] Received expired key: room:game:timer:33
2026-02-13 13:10:39: 2026-02-13 13:10:39 [info] : [DONE] ExpiredChannel - Duration: 0ms
2026-02-13 13:10:39: 2026-02-13 13:10:39 [info] : [EXEC] ExpiredChannel - Args: [ 'room:game:timer:13', [Commander], [Namespace], [Namespace], [Namespace] ]
2026-02-13 13:10:39: 2026-02-13 13:10:39 [info] : [ExpiredChannel] Received expired key: room:game:timer:13
2026-02-13 13:10:39: 2026-02-13 13:10:39 [info] : [DONE] ExpiredChannel - Duration: 5ms
2026-02-13 13:10:39: 2026-02-13 13:10:39 [info] : [DONE] ExpiredChannel - Duration: 2ms
2026-02-13 13:10:39: 2026-02-13 13:10:39 [info] : [EXEC] ExpiredChannel - Args: [ 'room:game:timer:14', [Commander], [Namespace], [Namespace], [Namespace] ]
2026-02-13 13:10:39: 2026-02-13 13:10:39 [info] : [ExpiredChannel] Received expired key: room:game:timer:14
2026-02-13 13:10:39: 2026-02-13 13:10:39 [info] : [EXEC] ExpiredChannel - Args: [ 'room:game:timer:29', [Commander], [Namespace], [Namespace], [Namespace] ]
2026-02-13 13:10:39: 2026-02-13 13:10:39 [info] : [EXEC] ExpiredChannel - Args: [ 'room:game:timer:47', [Commander], [Namespace], [Namespace], [Namespace] ]
2026-02-13 13:10:39: 2026-02-13 13:10:39 [info] : [ExpiredChannel] Received expired key: room:game:timer:47
2026-02-13 13:10:39: 2026-02-13 13:10:39 [info] : [DONE] ExpiredChannel - Duration: 0ms
2026-02-13 13:10:39: 2026-02-13 13:10:39 [info] : [ExpiredChannel] Received expired key: room:game:timer:29
2026-02-13 13:10:39: 2026-02-13 13:10:39 [info] : [EXEC] ExpiredChannel - Args: [ 'room:game:timer:20', [Commander], [Namespace], [Namespace], [Namespace] ]
2026-02-13 13:10:39: 2026-02-13 13:10:39 [info] : [ExpiredChannel] Received expired key: room:game:timer:20
2026-02-13 13:10:39: 2026-02-13 13:10:39 [info] : [DONE] ExpiredChannel - Duration: 0ms
2026-02-13 13:10:39: 2026-02-13 13:10:39 [info] : [EXEC] ExpiredChannel - Args: [ 'room:game:timer:33', [Commander], [Namespace], [Namespace], [Namespace] ]
2026-02-13 13:10:39: 2026-02-13 13:10:39 [info] : [ExpiredChannel] Received expired key: room:game:timer:33
2026-02-13 13:10:39: 2026-02-13 13:10:39 [info] : [EXEC] ExpiredChannel - Args: [ 'room:game:timer:47', [Commander], [Namespace], [Namespace], [Namespace] ]
2026-02-13 13:10:39: 2026-02-13 13:10:39 [info] : [ExpiredChannel] Received expired key: room:game:timer:47
2026-02-13 13:10:39: 2026-02-13 13:10:39 [info] : [DONE] ExpiredChannel - Duration: 8ms
2026-02-13 13:10:39: 2026-02-13 13:10:39 [info] : [DONE] ExpiredChannel - Duration: 6ms
2026-02-13 13:10:39: 2026-02-13 13:10:39 [info] : [DONE] ExpiredChannel - Duration: 2ms
2026-02-13 13:10:39: 2026-02-13 13:10:39 [info] : [DONE] ExpiredChannel - Duration: 1ms
2026-02-13 13:10:39: 2026-02-13 13:10:39 [info] : [EXEC] ExpiredChannel - Args: [ 'room:game:timer:20', [Commander], [Namespace], [Namespace], [Namespace] ]
2026-02-13 13:10:39: 2026-02-13 13:10:39 [info] : [ExpiredChannel] Received expired key: room:game:timer:20
2026-02-13 13:10:39: 2026-02-13 13:10:39 [info] : [DONE] ExpiredChannel - Duration: 0ms
2026-02-13 13:10:39: 2026-02-13 13:10:39 [info] : [EXEC] ExpiredChannel - Args: [ 'room:game:timer:21', [Commander], [Namespace], [Namespace], [Namespace] ]
2026-02-13 13:10:39: 2026-02-13 13:10:39 [info] : [ExpiredChannel] Received expired key: room:game:timer:21
2026-02-13 13:10:39: 2026-02-13 13:10:39 [info] : [EXEC] ExpiredChannel - Args: [ 'room:game:timer:21', [Commander], [Namespace], [Namespace], [Namespace] ]
2026-02-13 13:10:39: 2026-02-13 13:10:39 [info] : [ExpiredChannel] Received expired key: room:game:timer:21
2026-02-13 13:10:39: 2026-02-13 13:10:39 [info] : [DONE] ExpiredChannel - Duration: 4ms
2026-02-13 13:10:39: 2026-02-13 13:10:39 [info] : [DONE] ExpiredChannel - Duration: 3ms
2026-02-13 13:10:39: 2026-02-13 13:10:39 [info] : [EXEC] ExpiredChannel - Args: [ 'room:game:timer:25', [Commander], [Namespace], [Namespace], [Namespace] ]
2026-02-13 13:10:39: 2026-02-13 13:10:39 [info] : [ExpiredChannel] Received expired key: room:game:timer:25
2026-02-13 13:10:39: 2026-02-13 13:10:39 [info] : [DONE] ExpiredChannel - Duration: 1ms
2026-02-13 13:10:39: 2026-02-13 13:10:39 [info] : [EXEC] ExpiredChannel - Args: [ 'room:game:timer:25', [Commander], [Namespace], [Namespace], [Namespace] ]
2026-02-13 13:10:39: 2026-02-13 13:10:39 [info] : [ExpiredChannel] Received expired key: room:game:timer:25
2026-02-13 13:10:39: 2026-02-13 13:10:39 [info] : [DONE] ExpiredChannel - Duration: 4ms
2026-02-13 13:10:39: 2026-02-13 13:10:39 [info] : [EXEC] ExpiredChannel - Args: [ 'room:game:timer:28', [Commander], [Namespace], [Namespace], [Namespace] ]
2026-02-13 13:10:39: 2026-02-13 13:10:39 [info] : [ExpiredChannel] Received expired key: room:game:timer:28
2026-02-13 13:10:39: 2026-02-13 13:10:39 [info] : [EXEC] ExpiredChannel - Args: [ 'room:game:timer:28', [Commander], [Namespace], [Namespace], [Namespace] ]
2026-02-13 13:10:39: 2026-02-13 13:10:39 [info] : [ExpiredChannel] Received expired key: room:game:timer:28
2026-02-13 13:10:39: 2026-02-13 13:10:39 [info] : [DONE] ExpiredChannel - Duration: 1ms
2026-02-13 13:10:39: 2026-02-13 13:10:39 [info] : [DONE] ExpiredChannel - Duration: 5ms
2026-02-13 13:10:39: 2026-02-13 13:10:39 [info] : [EXEC] ExpiredChannel - Args: [ 'room:game:timer:35', [Commander], [Namespace], [Namespace], [Namespace] ]
2026-02-13 13:10:39: 2026-02-13 13:10:39 [info] : [ExpiredChannel] Received expired key: room:game:timer:35
2026-02-13 13:10:39: 2026-02-13 13:10:39 [info] : [DONE] ExpiredChannel - Duration: 0ms
2026-02-13 13:10:39: 2026-02-13 13:10:39 [info] : [EXEC] ExpiredChannel - Args: [ 'room:game:timer:35', [Commander], [Namespace], [Namespace], [Namespace] ]
2026-02-13 13:10:39: 2026-02-13 13:10:39 [info] : [ExpiredChannel] Received expired key: room:game:timer:35
2026-02-13 13:10:39: 2026-02-13 13:10:39 [info] : [DONE] ExpiredChannel - Duration: 5ms
2026-02-13 13:10:39: 2026-02-13 13:10:39 [info] : [EXEC] ExpiredChannel - Args: [ 'room:game:timer:22', [Commander], [Namespace], [Namespace], [Namespace] ]
2026-02-13 13:10:39: 2026-02-13 13:10:39 [info] : [ExpiredChannel] Received expired key: room:game:timer:22
2026-02-13 13:10:39: 2026-02-13 13:10:39 [info] : [DONE] ExpiredChannel - Duration: 0ms
2026-02-13 13:10:39: 2026-02-13 13:10:39 [info] : [EXEC] ExpiredChannel - Args: [ 'room:game:timer:30', [Commander], [Namespace], [Namespace], [Namespace] ]
2026-02-13 13:10:39: 2026-02-13 13:10:39 [info] : [ExpiredChannel] Received expired key: room:game:timer:30
2026-02-13 13:10:39: 2026-02-13 13:10:39 [info] : [DONE] ExpiredChannel - Duration: 0ms
2026-02-13 13:10:39: 2026-02-13 13:10:39 [info] : [EXEC] ExpiredChannel - Args: [ 'room:game:timer:31', [Commander], [Namespace], [Namespace], [Namespace] ]
2026-02-13 13:10:39: 2026-02-13 13:10:39 [info] : [ExpiredChannel] Received expired key: room:game:timer:31
2026-02-13 13:10:39: 2026-02-13 13:10:39 [info] : [DONE] ExpiredChannel - Duration: 0ms
2026-02-13 13:10:39: 2026-02-13 13:10:39 [info] : [EXEC] ExpiredChannel - Args: [ 'room:game:timer:34', [Commander], [Namespace], [Namespace], [Namespace] ]
2026-02-13 13:10:39: 2026-02-13 13:10:39 [info] : [ExpiredChannel] Received expired key: room:game:timer:34
2026-02-13 13:10:39: 2026-02-13 13:10:39 [info] : [DONE] ExpiredChannel - Duration: 1ms
2026-02-13 13:10:39: 2026-02-13 13:10:39 [info] : [EXEC] ExpiredChannel - Args: [ 'room:game:timer:22', [Commander], [Namespace], [Namespace], [Namespace] ]
2026-02-13 13:10:39: 2026-02-13 13:10:39 [info] : [ExpiredChannel] Received expired key: room:game:timer:22
2026-02-13 13:10:39: 2026-02-13 13:10:39 [info] : [DONE] ExpiredChannel - Duration: 5ms
2026-02-13 13:10:39: 2026-02-13 13:10:39 [info] : [EXEC] ExpiredChannel - Args: [ 'room:game:timer:30', [Commander], [Namespace], [Namespace], [Namespace] ]
2026-02-13 13:10:39: 2026-02-13 13:10:39 [info] : [ExpiredChannel] Received expired key: room:game:timer:30
2026-02-13 13:10:39: 2026-02-13 13:10:39 [info] : [EXEC] ExpiredChannel - Args: [ 'room:game:timer:31', [Commander], [Namespace], [Namespace], [Namespace] ]
2026-02-13 13:10:39: 2026-02-13 13:10:39 [info] : [ExpiredChannel] Received expired key: room:game:timer:31
2026-02-13 13:10:39: 2026-02-13 13:10:39 [info] : [EXEC] ExpiredChannel - Args: [ 'room:game:timer:34', [Commander], [Namespace], [Namespace], [Namespace] ]
2026-02-13 13:10:39: 2026-02-13 13:10:39 [info] : [ExpiredChannel] Received expired key: room:game:timer:34
2026-02-13 13:10:39: 2026-02-13 13:10:39 [info] : [DONE] ExpiredChannel - Duration: 2ms
2026-02-13 13:10:39: 2026-02-13 13:10:39 [info] : [DONE] ExpiredChannel - Duration: 2ms
2026-02-13 13:10:39: 2026-02-13 13:10:39 [info] : [DONE] ExpiredChannel - Duration: 1ms
2026-02-13 13:10:39: 2026-02-13 13:10:39 [info] : [EXEC] ExpiredChannel - Args: [ 'room:game:timer:23', [Commander], [Namespace], [Namespace], [Namespace] ]
2026-02-13 13:10:39: 2026-02-13 13:10:39 [info] : [ExpiredChannel] Received expired key: room:game:timer:23
2026-02-13 13:10:39: 2026-02-13 13:10:39 [info] : [DONE] ExpiredChannel - Duration: 3ms
2026-02-13 13:10:39: 2026-02-13 13:10:39 [info] : [EXEC] ExpiredChannel - Args: [ 'room:game:timer:23', [Commander], [Namespace], [Namespace], [Namespace] ]
2026-02-13 13:10:39: 2026-02-13 13:10:39 [info] : [ExpiredChannel] Received expired key: room:game:timer:23
2026-02-13 13:10:39: 2026-02-13 13:10:39 [info] : [DONE] ExpiredChannel - Duration: 1ms
2026-02-13 13:10:39: 2026-02-13 13:10:39 [info] : [EXEC] ExpiredChannel - Args: [ 'room:game:timer:24', [Commander], [Namespace], [Namespace], [Namespace] ]
2026-02-13 13:10:39: 2026-02-13 13:10:39 [info] : [ExpiredChannel] Received expired key: room:game:timer:24
2026-02-13 13:10:39: 2026-02-13 13:10:39 [info] : [DONE] ExpiredChannel - Duration: 0ms
2026-02-13 13:10:39: 2026-02-13 13:10:39 [info] : [EXEC] ExpiredChannel - Args: [ 'room:game:timer:36', [Commander], [Namespace], [Namespace], [Namespace] ]
2026-02-13 13:10:39: 2026-02-13 13:10:39 [info] : [ExpiredChannel] Received expired key: room:game:timer:36
2026-02-13 13:10:39: 2026-02-13 13:10:39 [info] : [DONE] ExpiredChannel - Duration: 1ms
2026-02-13 13:10:39: 2026-02-13 13:10:39 [info] : [EXEC] ExpiredChannel - Args: [ 'room:game:timer:45', [Commander], [Namespace], [Namespace], [Namespace] ]
2026-02-13 13:10:39: 2026-02-13 13:10:39 [info] : [ExpiredChannel] Received expired key: room:game:timer:45
2026-02-13 13:10:39: 2026-02-13 13:10:39 [info] : [DONE] ExpiredChannel - Duration: 0ms
2026-02-13 13:10:39: 2026-02-13 13:10:39 [info] : [EXEC] ExpiredChannel - Args: [ 'room:game:timer:24', [Commander], [Namespace], [Namespace], [Namespace] ]
2026-02-13 13:10:39: 2026-02-13 13:10:39 [info] : [ExpiredChannel] Received expired key: room:game:timer:24
2026-02-13 13:10:39: 2026-02-13 13:10:39 [info] : [EXEC] ExpiredChannel - Args: [ 'room:game:timer:36', [Commander], [Namespace], [Namespace], [Namespace] ]
2026-02-13 13:10:39: 2026-02-13 13:10:39 [info] : [ExpiredChannel] Received expired key: room:game:timer:36
2026-02-13 13:10:39: 2026-02-13 13:10:39 [info] : [DONE] ExpiredChannel - Duration: 2ms
2026-02-13 13:10:39: 2026-02-13 13:10:39 [info] : [DONE] ExpiredChannel - Duration: 1ms
2026-02-13 13:10:39: 2026-02-13 13:10:39 [info] : [EXEC] ExpiredChannel - Args: [ 'room:game:timer:45', [Commander], [Namespace], [Namespace], [Namespace] ]
2026-02-13 13:10:39: 2026-02-13 13:10:39 [info] : [ExpiredChannel] Received expired key: room:game:timer:45
2026-02-13 13:10:39: 2026-02-13 13:10:39 [info] : [DONE] ExpiredChannel - Duration: 0ms
2026-02-13 13:10:39: 2026-02-13 13:10:39 [info] : [EXEC] ExpiredChannel - Args: [ 'room:game:timer:46', [Commander], [Namespace], [Namespace], [Namespace] ]
2026-02-13 13:10:39: 2026-02-13 13:10:39 [info] : [ExpiredChannel] Received expired key: room:game:timer:46
2026-02-13 13:10:39: 2026-02-13 13:10:39 [info] : [DONE] ExpiredChannel - Duration: 1ms
2026-02-13 13:10:39: 2026-02-13 13:10:39 [info] : [EXEC] ExpiredChannel - Args: [ 'room:game:timer:46', [Commander], [Namespace], [Namespace], [Namespace] ]
2026-02-13 13:10:39: 2026-02-13 13:10:39 [info] : [ExpiredChannel] Received expired key: room:game:timer:46
2026-02-13 13:10:39: 2026-02-13 13:10:39 [info] : [DONE] ExpiredChannel - Duration: 1ms
2026-02-13 13:10:39: 2026-02-13 13:10:39 [info] : [RECV] postGameEndAfter - MemberId: 63 - Params: { gameId: 4 }
2026-02-13 13:10:39: 2026-02-13 13:10:39 [info] : [RECV] postGameEndAfter - MemberId: 64 - Params: { gameId: 4 }
2026-02-13 13:10:39: 2026-02-13 13:10:39 [info] : [RECV] postGameEndAfter - MemberId: 76 - Params: { gameId: 4 }
2026-02-13 13:10:39: 2026-02-13 13:10:39 [info] : [RECV] postGameEndAfter - MemberId: 68 - Params: { gameId: 4 }
2026-02-13 13:10:39: 2026-02-13 13:10:39 [info] : [RECV] postGameEndAfter - MemberId: 504 - Params: { gameId: 26 }
2026-02-13 13:10:39: 2026-02-13 13:10:39 [info] : [RECV] postGameEndAfter - MemberId: 519 - Params: { gameId: 26 }
2026-02-13 13:10:39: 2026-02-13 13:10:39 [info] : [RECV] postGameEndAfter - MemberId: 518 - Params: { gameId: 26 }
2026-02-13 13:10:39: 2026-02-13 13:10:39 [info] : [RECV] postGameEndAfter - MemberId: 80 - Params: { gameId: 4 }
2026-02-13 13:10:39: 2026-02-13 13:10:39 [info] : [RECV] postGameEndAfter - MemberId: 74 - Params: { gameId: 4 }
2026-02-13 13:10:39: 2026-02-13 13:10:39 [info] : [RECV] postGameEndAfter - MemberId: 510 - Params: { gameId: 26 }
2026-02-13 13:10:39: 2026-02-13 13:10:39 [info] : [RECV] postGameEndAfter - MemberId: 509 - Params: { gameId: 26 }
2026-02-13 13:10:39: 2026-02-13 13:10:39 [info] : [RECV] postGameEndAfter - MemberId: 503 - Params: { gameId: 26 }
2026-02-13 13:10:39: 2026-02-13 13:10:39 [info] : [RECV] postGameEndAfter - MemberId: 185 - Params: { gameId: 10 }
2026-02-13 13:10:39: 2026-02-13 13:10:39 [info] : [RECV] postGameEndAfter - MemberId: 520 - Params: { gameId: 26 }
2026-02-13 13:10:39: 2026-02-13 13:10:39 [info] : [RECV] postGameEndAfter - MemberId: 506 - Params: { gameId: 26 }
2026-02-13 13:10:39: 2026-02-13 13:10:39 [info] : [RECV] postGameEndAfter - MemberId: 508 - Params: { gameId: 26 }
2026-02-13 13:10:39: 2026-02-13 13:10:39 [info] : [RECV] postGameEndAfter - MemberId: 501 - Params: { gameId: 26 }
2026-02-13 13:10:39: 2026-02-13 13:10:39 [info] : [RECV] postGameEndAfter - MemberId: 182 - Params: { gameId: 10 }
2026-02-13 13:10:39: 2026-02-13 13:10:39 [info] : [RECV] postGameEndAfter - MemberId: 502 - Params: { gameId: 26 }
2026-02-13 13:10:39: 2026-02-13 13:10:39 [info] : [RECV] postGameEndAfter - MemberId: 184 - Params: { gameId: 10 }
2026-02-13 13:10:39: 2026-02-13 13:10:39 [info] : [RECV] postGameEndAfter - MemberId: 181 - Params: { gameId: 10 }
2026-02-13 13:10:39: 2026-02-13 13:10:39 [info] : [RECV] postGameEndAfter - MemberId: 61 - Params: { gameId: 4 }
2026-02-13 13:10:39: 2026-02-13 13:10:39 [info] : [RECV] postGameEndAfter - MemberId: 79 - Params: { gameId: 4 }
2026-02-13 13:10:39: 2026-02-13 13:10:39 [info] : [RECV] postGameEndAfter - MemberId: 62 - Params: { gameId: 4 }
2026-02-13 13:10:39: 2026-02-13 13:10:39 [info] : [RECV] postGameEndAfter - MemberId: 512 - Params: { gameId: 26 }
2026-02-13 13:10:39: 2026-02-13 13:10:39 [info] : [RECV] postGameEndAfter - MemberId: 71 - Params: { gameId: 4 }
2026-02-13 13:10:39: 2026-02-13 13:10:39 [info] : [RECV] postGameEndAfter - MemberId: 516 - Params: { gameId: 26 }
2026-02-13 13:10:39: 2026-02-13 13:10:39 [info] : [RECV] postGameEndAfter - MemberId: 70 - Params: { gameId: 4 }
2026-02-13 13:10:39: 2026-02-13 13:10:39 [info] : [RECV] postGameEndAfter - MemberId: 75 - Params: { gameId: 4 }
2026-02-13 13:10:39: 2026-02-13 13:10:39 [info] : [RECV] postGameEndAfter - MemberId: 358 - Params: { gameId: 18 }
2026-02-13 13:10:39: 2026-02-13 13:10:39 [info] : [RECV] postGameEndAfter - MemberId: 359 - Params: { gameId: 18 }
2026-02-13 13:10:39: 2026-02-13 13:10:39 [info] : [RECV] postGameEndAfter - MemberId: 348 - Params: { gameId: 18 }
2026-02-13 13:10:39: 2026-02-13 13:10:39 [info] : [RECV] postGameEndAfter - MemberId: 357 - Params: { gameId: 18 }
2026-02-13 13:10:39: 2026-02-13 13:10:39 [info] : [RECV] postGameEndAfter - MemberId: 360 - Params: { gameId: 18 }
2026-02-13 13:10:39: 2026-02-13 13:10:39 [info] : [RECV] postGameEndAfter - MemberId: 354 - Params: { gameId: 18 }
2026-02-13 13:10:39: 2026-02-13 13:10:39 [info] : [RECV] postGameEndAfter - MemberId: 77 - Params: { gameId: 4 }
2026-02-13 13:10:39: 2026-02-13 13:10:39 [info] : [RECV] postGameEndAfter - MemberId: 69 - Params: { gameId: 4 }
2026-02-13 13:10:39: 2026-02-13 13:10:39 [info] : [RECV] postGameEndAfter - MemberId: 66 - Params: { gameId: 4 }
2026-02-13 13:10:39: 2026-02-13 13:10:39 [info] : [RECV] postGameEndAfter - MemberId: 78 - Params: { gameId: 4 }
2026-02-13 13:10:39: 2026-02-13 13:10:39 [info] : [RECV] postGameEndAfter - MemberId: 517 - Params: { gameId: 26 }
2026-02-13 13:10:39: 2026-02-13 13:10:39 [info] : [RECV] postGameEndAfter - MemberId: 349 - Params: { gameId: 18 }
2026-02-13 13:10:39: 2026-02-13 13:10:39 [info] : [RECV] postGameEndAfter - MemberId: 72 - Params: { gameId: 4 }
2026-02-13 13:10:39: 2026-02-13 13:10:39 [info] : [RECV] postGameEndAfter - MemberId: 353 - Params: { gameId: 18 }
2026-02-13 13:10:39: 2026-02-13 13:10:39 [info] : [RECV] postGameEndAfter - MemberId: 67 - Params: { gameId: 4 }
2026-02-13 13:10:39: 2026-02-13 13:10:39 [info] : [RECV] postGameEndAfter - MemberId: 346 - Params: { gameId: 18 }
2026-02-13 13:10:39: 2026-02-13 13:10:39 [info] : [RECV] postGameEndAfter - MemberId: 65 - Params: { gameId: 4 }
2026-02-13 13:10:39: 2026-02-13 13:10:39 [info] : [RECV] postGameEndAfter - MemberId: 73 - Params: { gameId: 4 }
2026-02-13 13:10:39: 2026-02-13 13:10:39 [info] : [RECV] postGameEndAfter - MemberId: 515 - Params: { gameId: 26 }
2026-02-13 13:10:39: 2026-02-13 13:10:39 [info] : [RECV] postGameEndAfter - MemberId: 507 - Params: { gameId: 26 }
2026-02-13 13:10:39: 2026-02-13 13:10:39 [info] : [RECV] postGameEndAfter - MemberId: 505 - Params: { gameId: 26 }
2026-02-13 13:10:39: 2026-02-13 13:10:39 [info] : [RECV] postGameEndAfter - MemberId: 514 - Params: { gameId: 26 }
2026-02-13 13:10:39: 2026-02-13 13:10:39 [info] : [RECV] postGameEndAfter - MemberId: 511 - Params: { gameId: 26 }
2026-02-13 13:10:39: 2026-02-13 13:10:39 [info] : [RECV] postGameEndAfter - MemberId: 513 - Params: { gameId: 26 }
2026-02-13 13:10:39: 2026-02-13 13:10:39 [info] : [RECV] postGameEndAfter - MemberId: 156 - Params: { gameId: 8 }
2026-02-13 13:10:39: 2026-02-13 13:10:39 [info] : [RECV] postGameEndAfter - MemberId: 152 - Params: { gameId: 8 }
2026-02-13 13:10:39: 2026-02-13 13:10:39 [info] : [RECV] postGameEndAfter - MemberId: 356 - Params: { gameId: 18 }
2026-02-13 13:10:39: 2026-02-13 13:10:39 [info] : [RECV] postGameEndAfter - MemberId: 351 - Params: { gameId: 18 }
2026-02-13 13:10:39: 2026-02-13 13:10:39 [info] : [RECV] postGameEndAfter - MemberId: 195 - Params: { gameId: 10 }
2026-02-13 13:10:39: 2026-02-13 13:10:39 [info] : [RECV] postGameEndAfter - MemberId: 192 - Params: { gameId: 10 }
2026-02-13 13:10:39: 2026-02-13 13:10:39 [info] : [RECV] postGameEndAfter - MemberId: 194 - Params: { gameId: 10 }
2026-02-13 13:10:39: 2026-02-13 13:10:39 [info] : [RECV] postGameEndAfter - MemberId: 190 - Params: { gameId: 10 }
2026-02-13 13:10:39: 2026-02-13 13:10:39 [info] : [RECV] postGameEndAfter - MemberId: 151 - Params: { gameId: 8 }
2026-02-13 13:10:39: 2026-02-13 13:10:39 [info] : [RECV] postGameEndAfter - MemberId: 342 - Params: { gameId: 18 }
2026-02-13 13:10:39: 2026-02-13 13:10:39 [info] : [RECV] postGameEndAfter - MemberId: 149 - Params: { gameId: 8 }
2026-02-13 13:10:39: 2026-02-13 13:10:39 [info] : [RECV] postGameEndAfter - MemberId: 160 - Params: { gameId: 8 }
2026-02-13 13:10:39: 2026-02-13 13:10:39 [info] : [RECV] postGameEndAfter - MemberId: 187 - Params: { gameId: 10 }
2026-02-13 13:10:39: 2026-02-13 13:10:39 [info] : [RECV] postGameEndAfter - MemberId: 183 - Params: { gameId: 10 }
2026-02-13 13:10:39: 2026-02-13 13:10:39 [info] : [RECV] postGameEndAfter - MemberId: 344 - Params: { gameId: 18 }
2026-02-13 13:10:39: 2026-02-13 13:10:39 [info] : [RECV] postGameEndAfter - MemberId: 341 - Params: { gameId: 18 }
2026-02-13 13:10:39: 2026-02-13 13:10:39 [info] : [RECV] postGameEndAfter - MemberId: 153 - Params: { gameId: 8 }
2026-02-13 13:10:39: 2026-02-13 13:10:39 [info] : [RECV] postGameEndAfter - MemberId: 159 - Params: { gameId: 8 }
2026-02-13 13:10:39: 2026-02-13 13:10:39 [info] : [RECV] postGameEndAfter - MemberId: 198 - Params: { gameId: 10 }
2026-02-13 13:10:39: 2026-02-13 13:10:39 [info] : [RECV] postGameEndAfter - MemberId: 193 - Params: { gameId: 10 }
2026-02-13 13:10:39: 2026-02-13 13:10:39 [info] : [RECV] postGameEndAfter - MemberId: 188 - Params: { gameId: 10 }
2026-02-13 13:10:39: 2026-02-13 13:10:39 [info] : [RECV] postGameEndAfter - MemberId: 186 - Params: { gameId: 10 }
2026-02-13 13:10:39: 2026-02-13 13:10:39 [info] : [RECV] postGameEndAfter - MemberId: 352 - Params: { gameId: 18 }
2026-02-13 13:10:39: 2026-02-13 13:10:39 [info] : [RECV] postGameEndAfter - MemberId: 347 - Params: { gameId: 18 }
2026-02-13 13:10:39: 2026-02-13 13:10:39 [info] : [RECV] postGameEndAfter - MemberId: 146 - Params: { gameId: 8 }
2026-02-13 13:10:39: 2026-02-13 13:10:39 [info] : [RECV] postGameEndAfter - MemberId: 191 - Params: { gameId: 10 }
2026-02-13 13:10:39: 2026-02-13 13:10:39 [info] : [RECV] postGameEndAfter - MemberId: 150 - Params: { gameId: 8 }
2026-02-13 13:10:39: 2026-02-13 13:10:39 [info] : [RECV] postGameEndAfter - MemberId: 154 - Params: { gameId: 8 }
2026-02-13 13:10:39: 2026-02-13 13:10:39 [info] : [RECV] postGameEndAfter - MemberId: 200 - Params: { gameId: 10 }
2026-02-13 13:10:39: 2026-02-13 13:10:39 [info] : [RECV] postGameEndAfter - MemberId: 144 - Params: { gameId: 8 }
2026-02-13 13:10:39: 2026-02-13 13:10:39 [info] : [RECV] postGameEndAfter - MemberId: 148 - Params: { gameId: 8 }
2026-02-13 13:10:39: 2026-02-13 13:10:39 [info] : [RECV] postGameEndAfter - MemberId: 197 - Params: { gameId: 10 }
2026-02-13 13:10:39: 2026-02-13 13:10:39 [info] : [RECV] postGameEndAfter - MemberId: 141 - Params: { gameId: 8 }
2026-02-13 13:10:39: 2026-02-13 13:10:39 [info] : [RECV] postGameEndAfter - MemberId: 142 - Params: { gameId: 8 }
2026-02-13 13:10:39: 2026-02-13 13:10:39 [info] : [RECV] postGameEndAfter - MemberId: 158 - Params: { gameId: 8 }
2026-02-13 13:10:39: 2026-02-13 13:10:39 [info] : [RECV] postGameEndAfter - MemberId: 155 - Params: { gameId: 8 }
2026-02-13 13:10:39: 2026-02-13 13:10:39 [info] : [RECV] postGameEndAfter - MemberId: 196 - Params: { gameId: 10 }
2026-02-13 13:10:39: 2026-02-13 13:10:39 [info] : [RECV] postGameEndAfter - MemberId: 157 - Params: { gameId: 8 }
2026-02-13 13:10:39: 2026-02-13 13:10:39 [info] : [RECV] postGameEndAfter - MemberId: 343 - Params: { gameId: 18 }
2026-02-13 13:10:39: 2026-02-13 13:10:39 [info] : [RECV] postGameEndAfter - MemberId: 199 - Params: { gameId: 10 }
2026-02-13 13:10:39: 2026-02-13 13:10:39 [info] : [RECV] postGameEndAfter - MemberId: 147 - Params: { gameId: 8 }
2026-02-13 13:10:39: 2026-02-13 13:10:39 [info] : [RECV] postGameEndAfter - MemberId: 143 - Params: { gameId: 8 }
2026-02-13 13:10:39: 2026-02-13 13:10:39 [info] : [RECV] postGameEndAfter - MemberId: 345 - Params: { gameId: 18 }
2026-02-13 13:10:39: 2026-02-13 13:10:39 [info] : [RECV] postGameEndAfter - MemberId: 145 - Params: { gameId: 8 }
2026-02-13 13:10:39: 2026-02-13 13:10:39 [info] : [RECV] postGameEndAfter - MemberId: 350 - Params: { gameId: 18 }
2026-02-13 13:10:39: 2026-02-13 13:10:39 [info] : [RECV] postGameEndAfter - MemberId: 189 - Params: { gameId: 10 }
2026-02-13 13:10:39: 2026-02-13 13:10:39 [info] : [RECV] postGameEndAfter - MemberId: 355 - Params: { gameId: 18 }
2026-02-13 13:10:39: 2026-02-13 13:10:39 [info] : [RECV] postGameEndAfter - MemberId: 621 - Params: { gameId: 32 }
2026-02-13 13:10:39: 2026-02-13 13:10:39 [info] : [RECV] postGameEndAfter - MemberId: 637 - Params: { gameId: 32 }
2026-02-13 13:10:39: 2026-02-13 13:10:39 [info] : [RECV] postGameEndAfter - MemberId: 634 - Params: { gameId: 32 }
2026-02-13 13:10:39: 2026-02-13 13:10:39 [info] : [RECV] postGameEndAfter - MemberId: 626 - Params: { gameId: 32 }
2026-02-13 13:10:39: 2026-02-13 13:10:39 [info] : [RECV] postGameEndAfter - MemberId: 635 - Params: { gameId: 32 }
2026-02-13 13:10:39: 2026-02-13 13:10:39 [info] : [RECV] postGameEndAfter - MemberId: 629 - Params: { gameId: 32 }
2026-02-13 13:10:39: 2026-02-13 13:10:39 [info] : [RECV] postGameEndAfter - MemberId: 622 - Params: { gameId: 32 }
2026-02-13 13:10:39: 2026-02-13 13:10:39 [info] : [RECV] postGameEndAfter - MemberId: 627 - Params: { gameId: 32 }
2026-02-13 13:10:39: 2026-02-13 13:10:39 [info] : [RECV] postGameEndAfter - MemberId: 639 - Params: { gameId: 32 }
2026-02-13 13:10:39: 2026-02-13 13:10:39 [info] : [RECV] postGameEndAfter - MemberId: 636 - Params: { gameId: 32 }
2026-02-13 13:10:39: 2026-02-13 13:10:39 [info] : [RECV] postGameEndAfter - MemberId: 631 - Params: { gameId: 32 }
2026-02-13 13:10:39: 2026-02-13 13:10:39 [info] : [RECV] postGameEndAfter - MemberId: 623 - Params: { gameId: 32 }
2026-02-13 13:10:39: 2026-02-13 13:10:39 [info] : [RECV] postGameEndAfter - MemberId: 638 - Params: { gameId: 32 }
2026-02-13 13:10:39: 2026-02-13 13:10:39 [info] : [RECV] postGameEndAfter - MemberId: 632 - Params: { gameId: 32 }
2026-02-13 13:10:39: 2026-02-13 13:10:39 [info] : [RECV] postGameEndAfter - MemberId: 640 - Params: { gameId: 32 }
2026-02-13 13:10:39: 2026-02-13 13:10:39 [info] : [RECV] postGameEndAfter - MemberId: 633 - Params: { gameId: 32 }
2026-02-13 13:10:39: 2026-02-13 13:10:39 [info] : [RECV] postGameEndAfter - MemberId: 630 - Params: { gameId: 32 }
2026-02-13 13:10:39: 2026-02-13 13:10:39 [info] : [RECV] postGameEndAfter - MemberId: 625 - Params: { gameId: 32 }
2026-02-13 13:10:39: 2026-02-13 13:10:39 [info] : [RECV] postGameEndAfter - MemberId: 628 - Params: { gameId: 32 }
2026-02-13 13:10:39: 2026-02-13 13:10:39 [info] : [RECV] postGameEndAfter - MemberId: 534 - Params: { gameId: 27 }
2026-02-13 13:10:39: 2026-02-13 13:10:39 [info] : [RECV] postGameEndAfter - MemberId: 529 - Params: { gameId: 27 }
2026-02-13 13:10:39: 2026-02-13 13:10:39 [info] : [RECV] postGameEndAfter - MemberId: 538 - Params: { gameId: 27 }
2026-02-13 13:10:39: 2026-02-13 13:10:39 [info] : [RECV] postGameEndAfter - MemberId: 539 - Params: { gameId: 27 }
2026-02-13 13:10:39: 2026-02-13 13:10:39 [info] : [RECV] postGameEndAfter - MemberId: 624 - Params: { gameId: 32 }
2026-02-13 13:10:39: 2026-02-13 13:10:39 [info] : [RECV] postGameEndAfter - MemberId: 523 - Params: { gameId: 27 }
2026-02-13 13:10:39: 2026-02-13 13:10:39 [info] : [RECV] postGameEndAfter - MemberId: 533 - Params: { gameId: 27 }
2026-02-13 13:10:39: 2026-02-13 13:10:39 [info] : [RECV] postGameEndAfter - MemberId: 526 - Params: { gameId: 27 }
2026-02-13 13:10:39: 2026-02-13 13:10:39 [info] : [RECV] postGameEndAfter - MemberId: 536 - Params: { gameId: 27 }
2026-02-13 13:10:39: 2026-02-13 13:10:39 [info] : [RECV] postGameEndAfter - MemberId: 527 - Params: { gameId: 27 }
2026-02-13 13:10:39: 2026-02-13 13:10:39 [info] : [RECV] postGameEndAfter - MemberId: 540 - Params: { gameId: 27 }
2026-02-13 13:10:39: 2026-02-13 13:10:39 [info] : [RECV] postGameEndAfter - MemberId: 532 - Params: { gameId: 27 }
2026-02-13 13:10:39: 2026-02-13 13:10:39 [info] : [RECV] postGameEndAfter - MemberId: 528 - Params: { gameId: 27 }
2026-02-13 13:10:39: 2026-02-13 13:10:39 [info] : [RECV] postGameEndAfter - MemberId: 522 - Params: { gameId: 27 }
2026-02-13 13:10:39: 2026-02-13 13:10:39 [info] : [RECV] postGameEndAfter - MemberId: 535 - Params: { gameId: 27 }
2026-02-13 13:10:39: 2026-02-13 13:10:39 [info] : [RECV] postGameEndAfter - MemberId: 530 - Params: { gameId: 27 }
2026-02-13 13:10:39: 2026-02-13 13:10:39 [info] : [RECV] postGameEndAfter - MemberId: 525 - Params: { gameId: 27 }
2026-02-13 13:10:39: 2026-02-13 13:10:39 [info] : [RECV] postGameEndAfter - MemberId: 524 - Params: { gameId: 27 }
2026-02-13 13:10:39: 2026-02-13 13:10:39 [info] : [RECV] postGameEndAfter - MemberId: 537 - Params: { gameId: 27 }
2026-02-13 13:10:39: 2026-02-13 13:10:39 [info] : [RECV] postGameEndAfter - MemberId: 521 - Params: { gameId: 27 }
2026-02-13 13:10:39: 2026-02-13 13:10:39 [info] : [RECV] postGameEndAfter - MemberId: 531 - Params: { gameId: 27 }
2026-02-13 13:10:39: 2026-02-13 13:10:39 [info] : [RECV] postGameEndAfter - MemberId: 26 - Params: { gameId: 2 }
2026-02-13 13:10:39: 2026-02-13 13:10:39 [info] : [RECV] postGameEndAfter - MemberId: 24 - Params: { gameId: 2 }
2026-02-13 13:10:39: 2026-02-13 13:10:39 [info] : [RECV] postGameEndAfter - MemberId: 28 - Params: { gameId: 2 }
2026-02-13 13:10:39: 2026-02-13 13:10:39 [info] : [RECV] postGameEndAfter - MemberId: 21 - Params: { gameId: 2 }
2026-02-13 13:10:39: 2026-02-13 13:10:39 [info] : [RECV] postGameEndAfter - MemberId: 34 - Params: { gameId: 2 }
2026-02-13 13:10:39: 2026-02-13 13:10:39 [info] : [RECV] postGameEndAfter - MemberId: 38 - Params: { gameId: 2 }
2026-02-13 13:10:39: 2026-02-13 13:10:39 [info] : [RECV] postGameEndAfter - MemberId: 35 - Params: { gameId: 2 }
2026-02-13 13:10:39: 2026-02-13 13:10:39 [info] : [RECV] postGameEndAfter - MemberId: 36 - Params: { gameId: 2 }
2026-02-13 13:10:39: 2026-02-13 13:10:39 [info] : [RECV] postGameEndAfter - MemberId: 25 - Params: { gameId: 2 }
2026-02-13 13:10:39: 2026-02-13 13:10:39 [info] : [RECV] postGameEndAfter - MemberId: 31 - Params: { gameId: 2 }
2026-02-13 13:10:39: 2026-02-13 13:10:39 [info] : [RECV] postGameEndAfter - MemberId: 40 - Params: { gameId: 2 }
2026-02-13 13:10:39: 2026-02-13 13:10:39 [info] : [RECV] postGameEndAfter - MemberId: 27 - Params: { gameId: 2 }
2026-02-13 13:10:39: 2026-02-13 13:10:39 [info] : [RECV] postGameEndAfter - MemberId: 39 - Params: { gameId: 2 }
2026-02-13 13:10:39: 2026-02-13 13:10:39 [info] : [RECV] postGameEndAfter - MemberId: 33 - Params: { gameId: 2 }
2026-02-13 13:10:39: 2026-02-13 13:10:39 [info] : [RECV] postGameEndAfter - MemberId: 32 - Params: { gameId: 2 }
2026-02-13 13:10:39: 2026-02-13 13:10:39 [info] : [RECV] postGameEndAfter - MemberId: 30 - Params: { gameId: 2 }
2026-02-13 13:10:39: 2026-02-13 13:10:39 [info] : [RECV] postGameEndAfter - MemberId: 37 - Params: { gameId: 2 }
2026-02-13 13:10:39: 2026-02-13 13:10:39 [info] : [RECV] postGameEndAfter - MemberId: 29 - Params: { gameId: 2 }
2026-02-13 13:10:39: 2026-02-13 13:10:39 [info] : [RECV] postGameEndAfter - MemberId: 23 - Params: { gameId: 2 }
2026-02-13 13:10:39: 2026-02-13 13:10:39 [info] : [RECV] postGameEndAfter - MemberId: 22 - Params: { gameId: 2 }
2026-02-13 13:10:39: 2026-02-13 13:10:39 [info] : [RECV] postGameEndAfter - MemberId: 89 - Params: { gameId: 5 }
2026-02-13 13:10:39: 2026-02-13 13:10:39 [info] : [RECV] postGameEndAfter - MemberId: 82 - Params: { gameId: 5 }
2026-02-13 13:10:39: 2026-02-13 13:10:39 [info] : [RECV] postGameEndAfter - MemberId: 92 - Params: { gameId: 5 }
2026-02-13 13:10:39: 2026-02-13 13:10:39 [info] : [RECV] postGameEndAfter - MemberId: 100 - Params: { gameId: 5 }
2026-02-13 13:10:39: 2026-02-13 13:10:39 [info] : [RECV] postGameEndAfter - MemberId: 81 - Params: { gameId: 5 }
2026-02-13 13:10:39: 2026-02-13 13:10:39 [info] : [RECV] postGameEndAfter - MemberId: 87 - Params: { gameId: 5 }
2026-02-13 13:10:39: 2026-02-13 13:10:39 [info] : [RECV] postGameEndAfter - MemberId: 85 - Params: { gameId: 5 }
2026-02-13 13:10:39: 2026-02-13 13:10:39 [info] : [RECV] postGameEndAfter - MemberId: 95 - Params: { gameId: 5 }
2026-02-13 13:10:39: 2026-02-13 13:10:39 [info] : [RECV] postGameEndAfter - MemberId: 83 - Params: { gameId: 5 }
2026-02-13 13:10:39: 2026-02-13 13:10:39 [info] : [RECV] postGameEndAfter - MemberId: 91 - Params: { gameId: 5 }
2026-02-13 13:10:39: 2026-02-13 13:10:39 [info] : [RECV] postGameEndAfter - MemberId: 98 - Params: { gameId: 5 }
2026-02-13 13:10:39: 2026-02-13 13:10:39 [info] : [RECV] postGameEndAfter - MemberId: 86 - Params: { gameId: 5 }
2026-02-13 13:10:39: 2026-02-13 13:10:39 [info] : [RECV] postGameEndAfter - MemberId: 84 - Params: { gameId: 5 }
2026-02-13 13:10:39: 2026-02-13 13:10:39 [info] : [RECV] postGameEndAfter - MemberId: 88 - Params: { gameId: 5 }
2026-02-13 13:10:39: 2026-02-13 13:10:39 [info] : [RECV] postGameEndAfter - MemberId: 96 - Params: { gameId: 5 }
2026-02-13 13:10:39: 2026-02-13 13:10:39 [info] : [RECV] postGameEndAfter - MemberId: 97 - Params: { gameId: 5 }
2026-02-13 13:10:39: 2026-02-13 13:10:39 [info] : [RECV] postGameEndAfter - MemberId: 93 - Params: { gameId: 5 }
2026-02-13 13:10:39: 2026-02-13 13:10:39 [info] : [RECV] postGameEndAfter - MemberId: 94 - Params: { gameId: 5 }
2026-02-13 13:10:39: 2026-02-13 13:10:39 [info] : [RECV] postGameEndAfter - MemberId: 90 - Params: { gameId: 5 }
2026-02-13 13:10:39: 2026-02-13 13:10:39 [info] : [RECV] postGameEndAfter - MemberId: 99 - Params: { gameId: 5 }
2026-02-13 13:10:39: 2026-02-13 13:10:39 [info] : [RECV] postGameEndAfter - MemberId: 177 - Params: { gameId: 9 }
2026-02-13 13:10:39: 2026-02-13 13:10:39 [info] : [RECV] postGameEndAfter - MemberId: 174 - Params: { gameId: 9 }
2026-02-13 13:10:39: 2026-02-13 13:10:39 [info] : [RECV] postGameEndAfter - MemberId: 175 - Params: { gameId: 9 }
2026-02-13 13:10:39: 2026-02-13 13:10:39 [info] : [RECV] postGameEndAfter - MemberId: 161 - Params: { gameId: 9 }
2026-02-13 13:10:39: 2026-02-13 13:10:39 [info] : [RECV] postGameEndAfter - MemberId: 164 - Params: { gameId: 9 }
2026-02-13 13:10:39: 2026-02-13 13:10:39 [info] : [RECV] postGameEndAfter - MemberId: 178 - Params: { gameId: 9 }
2026-02-13 13:10:39: 2026-02-13 13:10:39 [info] : [RECV] postGameEndAfter - MemberId: 169 - Params: { gameId: 9 }
2026-02-13 13:10:39: 2026-02-13 13:10:39 [info] : [RECV] postGameEndAfter - MemberId: 180 - Params: { gameId: 9 }
2026-02-13 13:10:39: 2026-02-13 13:10:39 [info] : [RECV] postGameEndAfter - MemberId: 173 - Params: { gameId: 9 }
2026-02-13 13:10:39: 2026-02-13 13:10:39 [info] : [RECV] postGameEndAfter - MemberId: 179 - Params: { gameId: 9 }
2026-02-13 13:10:39: 2026-02-13 13:10:39 [info] : [RECV] postGameEndAfter - MemberId: 176 - Params: { gameId: 9 }
2026-02-13 13:10:39: 2026-02-13 13:10:39 [info] : [RECV] postGameEndAfter - MemberId: 171 - Params: { gameId: 9 }
2026-02-13 13:10:39: 2026-02-13 13:10:39 [info] : [RECV] postGameEndAfter - MemberId: 162 - Params: { gameId: 9 }
2026-02-13 13:10:39: 2026-02-13 13:10:39 [info] : [RECV] postGameEndAfter - MemberId: 163 - Params: { gameId: 9 }
2026-02-13 13:10:39: 2026-02-13 13:10:39 [info] : [RECV] postGameEndAfter - MemberId: 172 - Params: { gameId: 9 }
2026-02-13 13:10:39: 2026-02-13 13:10:39 [info] : [RECV] postGameEndAfter - MemberId: 165 - Params: { gameId: 9 }
2026-02-13 13:10:39: 2026-02-13 13:10:39 [info] : [RECV] postGameEndAfter - MemberId: 166 - Params: { gameId: 9 }
2026-02-13 13:10:39: 2026-02-13 13:10:39 [info] : [RECV] postGameEndAfter - MemberId: 168 - Params: { gameId: 9 }
2026-02-13 13:10:39: 2026-02-13 13:10:39 [info] : [RECV] postGameEndAfter - MemberId: 167 - Params: { gameId: 9 }
2026-02-13 13:10:39: 2026-02-13 13:10:39 [info] : [RECV] postGameEndAfter - MemberId: 170 - Params: { gameId: 9 }
2026-02-13 13:10:39: 2026-02-13 13:10:39 [info] : [RECV] postGameEndAfter - MemberId: 223 - Params: { gameId: 12 }
2026-02-13 13:10:39: 2026-02-13 13:10:39 [info] : [RECV] postGameEndAfter - MemberId: 222 - Params: { gameId: 12 }
2026-02-13 13:10:39: 2026-02-13 13:10:39 [info] : [RECV] postGameEndAfter - MemberId: 230 - Params: { gameId: 12 }
2026-02-13 13:10:39: 2026-02-13 13:10:39 [info] : [RECV] postGameEndAfter - MemberId: 225 - Params: { gameId: 12 }
2026-02-13 13:10:39: 2026-02-13 13:10:39 [info] : [RECV] postGameEndAfter - MemberId: 237 - Params: { gameId: 12 }
2026-02-13 13:10:39: 2026-02-13 13:10:39 [info] : [RECV] postGameEndAfter - MemberId: 224 - Params: { gameId: 12 }
2026-02-13 13:10:39: 2026-02-13 13:10:39 [info] : [RECV] postGameEndAfter - MemberId: 226 - Params: { gameId: 12 }
2026-02-13 13:10:39: 2026-02-13 13:10:39 [info] : [RECV] postGameEndAfter - MemberId: 236 - Params: { gameId: 12 }
2026-02-13 13:10:39: 2026-02-13 13:10:39 [info] : [RECV] postGameEndAfter - MemberId: 227 - Params: { gameId: 12 }
2026-02-13 13:10:39: 2026-02-13 13:10:39 [info] : [RECV] postGameEndAfter - MemberId: 229 - Params: { gameId: 12 }
2026-02-13 13:10:39: 2026-02-13 13:10:39 [info] : [RECV] postGameEndAfter - MemberId: 238 - Params: { gameId: 12 }
2026-02-13 13:10:39: 2026-02-13 13:10:39 [info] : [RECV] postGameEndAfter - MemberId: 232 - Params: { gameId: 12 }
2026-02-13 13:10:39: 2026-02-13 13:10:39 [info] : [RECV] postGameEndAfter - MemberId: 231 - Params: { gameId: 12 }
2026-02-13 13:10:39: 2026-02-13 13:10:39 [info] : [RECV] postGameEndAfter - MemberId: 233 - Params: { gameId: 12 }
2026-02-13 13:10:39: 2026-02-13 13:10:39 [info] : [RECV] postGameEndAfter - MemberId: 221 - Params: { gameId: 12 }
2026-02-13 13:10:39: 2026-02-13 13:10:39 [info] : [RECV] postGameEndAfter - MemberId: 228 - Params: { gameId: 12 }
2026-02-13 13:10:39: 2026-02-13 13:10:39 [info] : [RECV] postGameEndAfter - MemberId: 239 - Params: { gameId: 12 }
2026-02-13 13:10:39: 2026-02-13 13:10:39 [info] : [RECV] postGameEndAfter - MemberId: 235 - Params: { gameId: 12 }
2026-02-13 13:10:39: 2026-02-13 13:10:39 [info] : [RECV] postGameEndAfter - MemberId: 234 - Params: { gameId: 12 }
2026-02-13 13:10:39: 2026-02-13 13:10:39 [info] : [RECV] postGameEndAfter - MemberId: 240 - Params: { gameId: 12 }
2026-02-13 13:10:39: 2026-02-13 13:10:39 [info] : [RECV] postGameEndAfter - MemberId: 202 - Params: { gameId: 11 }
2026-02-13 13:10:39: 2026-02-13 13:10:39 [info] : [RECV] postGameEndAfter - MemberId: 212 - Params: { gameId: 11 }
2026-02-13 13:10:39: 2026-02-13 13:10:39 [info] : [RECV] postGameEndAfter - MemberId: 218 - Params: { gameId: 11 }
2026-02-13 13:10:39: 2026-02-13 13:10:39 [info] : [RECV] postGameEndAfter - MemberId: 219 - Params: { gameId: 11 }
2026-02-13 13:10:39: 2026-02-13 13:10:39 [info] : [RECV] postGameEndAfter - MemberId: 211 - Params: { gameId: 11 }
2026-02-13 13:10:39: 2026-02-13 13:10:39 [info] : [RECV] postGameEndAfter - MemberId: 206 - Params: { gameId: 11 }
2026-02-13 13:10:39: 2026-02-13 13:10:39 [info] : [RECV] postGameEndAfter - MemberId: 205 - Params: { gameId: 11 }
2026-02-13 13:10:39: 2026-02-13 13:10:39 [info] : [RECV] postGameEndAfter - MemberId: 201 - Params: { gameId: 11 }
2026-02-13 13:10:39: 2026-02-13 13:10:39 [info] : [RECV] postGameEndAfter - MemberId: 204 - Params: { gameId: 11 }
2026-02-13 13:10:39: 2026-02-13 13:10:39 [info] : [RECV] postGameEndAfter - MemberId: 207 - Params: { gameId: 11 }
2026-02-13 13:10:39: 2026-02-13 13:10:39 [info] : [RECV] postGameEndAfter - MemberId: 208 - Params: { gameId: 11 }
2026-02-13 13:10:39: 2026-02-13 13:10:39 [info] : [RECV] postGameEndAfter - MemberId: 217 - Params: { gameId: 11 }
2026-02-13 13:10:39: 2026-02-13 13:10:39 [info] : [RECV] postGameEndAfter - MemberId: 214 - Params: { gameId: 11 }
2026-02-13 13:10:39: 2026-02-13 13:10:39 [info] : [RECV] postGameEndAfter - MemberId: 220 - Params: { gameId: 11 }
2026-02-13 13:10:39: 2026-02-13 13:10:39 [info] : [RECV] postGameEndAfter - MemberId: 209 - Params: { gameId: 11 }
2026-02-13 13:10:39: 2026-02-13 13:10:39 [info] : [RECV] postGameEndAfter - MemberId: 215 - Params: { gameId: 11 }
2026-02-13 13:10:39: 2026-02-13 13:10:39 [info] : [RECV] postGameEndAfter - MemberId: 213 - Params: { gameId: 11 }
2026-02-13 13:10:39: 2026-02-13 13:10:39 [info] : [RECV] postGameEndAfter - MemberId: 216 - Params: { gameId: 11 }
2026-02-13 13:10:39: 2026-02-13 13:10:39 [info] : [RECV] postGameEndAfter - MemberId: 203 - Params: { gameId: 11 }
2026-02-13 13:10:39: 2026-02-13 13:10:39 [info] : [RECV] postGameEndAfter - MemberId: 210 - Params: { gameId: 11 }
2026-02-13 13:10:40: 2026-02-13 13:10:40 [info] : [RECV] postGameEndAfter - MemberId: 49 - Params: { gameId: 3 }
2026-02-13 13:10:40: 2026-02-13 13:10:40 [info] : [RECV] postGameEndAfter - MemberId: 42 - Params: { gameId: 3 }
2026-02-13 13:10:40: 2026-02-13 13:10:40 [info] : [RECV] postGameEndAfter - MemberId: 41 - Params: { gameId: 3 }
2026-02-13 13:10:40: 2026-02-13 13:10:40 [info] : [RECV] postGameEndAfter - MemberId: 47 - Params: { gameId: 3 }
2026-02-13 13:10:40: 2026-02-13 13:10:40 [info] : [RECV] postGameEndAfter - MemberId: 55 - Params: { gameId: 3 }
2026-02-13 13:10:40: 2026-02-13 13:10:40 [info] : [RECV] postGameEndAfter - MemberId: 43 - Params: { gameId: 3 }
2026-02-13 13:10:40: 2026-02-13 13:10:40 [info] : [RECV] postGameEndAfter - MemberId: 44 - Params: { gameId: 3 }
2026-02-13 13:10:40: 2026-02-13 13:10:40 [info] : [RECV] postGameEndAfter - MemberId: 56 - Params: { gameId: 3 }
2026-02-13 13:10:40: 2026-02-13 13:10:40 [info] : [RECV] postGameEndAfter - MemberId: 48 - Params: { gameId: 3 }
2026-02-13 13:10:40: 2026-02-13 13:10:40 [info] : [RECV] postGameEndAfter - MemberId: 51 - Params: { gameId: 3 }
2026-02-13 13:10:40: 2026-02-13 13:10:40 [info] : [RECV] postGameEndAfter - MemberId: 52 - Params: { gameId: 3 }
2026-02-13 13:10:40: 2026-02-13 13:10:40 [info] : [RECV] postGameEndAfter - MemberId: 59 - Params: { gameId: 3 }
2026-02-13 13:10:40: 2026-02-13 13:10:40 [info] : [RECV] postGameEndAfter - MemberId: 50 - Params: { gameId: 3 }
2026-02-13 13:10:40: 2026-02-13 13:10:40 [info] : [RECV] postGameEndAfter - MemberId: 54 - Params: { gameId: 3 }
2026-02-13 13:10:40: 2026-02-13 13:10:40 [info] : [RECV] postGameEndAfter - MemberId: 58 - Params: { gameId: 3 }
2026-02-13 13:10:40: 2026-02-13 13:10:40 [info] : [RECV] postGameEndAfter - MemberId: 46 - Params: { gameId: 3 }
2026-02-13 13:10:40: 2026-02-13 13:10:40 [info] : [RECV] postGameEndAfter - MemberId: 60 - Params: { gameId: 3 }
2026-02-13 13:10:40: 2026-02-13 13:10:40 [info] : [RECV] postGameEndAfter - MemberId: 57 - Params: { gameId: 3 }
2026-02-13 13:10:40: 2026-02-13 13:10:40 [info] : [RECV] postGameEndAfter - MemberId: 45 - Params: { gameId: 3 }
2026-02-13 13:10:40: 2026-02-13 13:10:40 [info] : [RECV] postGameEndAfter - MemberId: 53 - Params: { gameId: 3 }
2026-02-13 13:10:40: 2026-02-13 13:10:40 [info] : [RECV] postGameEndAfter - MemberId: 13 - Params: { gameId: 1 }
2026-02-13 13:10:40: 2026-02-13 13:10:40 [info] : [RECV] postGameEndAfter - MemberId: 19 - Params: { gameId: 1 }
2026-02-13 13:10:40: 2026-02-13 13:10:40 [info] : [RECV] postGameEndAfter - MemberId: 6 - Params: { gameId: 1 }
2026-02-13 13:10:40: 2026-02-13 13:10:40 [info] : [RECV] postGameEndAfter - MemberId: 9 - Params: { gameId: 1 }
2026-02-13 13:10:40: 2026-02-13 13:10:40 [info] : [RECV] postGameEndAfter - MemberId: 11 - Params: { gameId: 1 }
2026-02-13 13:10:40: 2026-02-13 13:10:40 [info] : [RECV] postGameEndAfter - MemberId: 16 - Params: { gameId: 1 }
2026-02-13 13:10:40: 2026-02-13 13:10:40 [info] : [RECV] postGameEndAfter - MemberId: 18 - Params: { gameId: 1 }
2026-02-13 13:10:40: 2026-02-13 13:10:40 [info] : [RECV] postGameEndAfter - MemberId: 17 - Params: { gameId: 1 }
2026-02-13 13:10:40: 2026-02-13 13:10:40 [info] : [RECV] postGameEndAfter - MemberId: 8 - Params: { gameId: 1 }
2026-02-13 13:10:40: 2026-02-13 13:10:40 [info] : [RECV] postGameEndAfter - MemberId: 20 - Params: { gameId: 1 }
2026-02-13 13:10:40: 2026-02-13 13:10:40 [info] : [RECV] postGameEndAfter - MemberId: 1 - Params: { gameId: 1 }
2026-02-13 13:10:40: 2026-02-13 13:10:40 [info] : [RECV] postGameEndAfter - MemberId: 3 - Params: { gameId: 1 }
2026-02-13 13:10:40: 2026-02-13 13:10:40 [info] : [RECV] postGameEndAfter - MemberId: 2 - Params: { gameId: 1 }
2026-02-13 13:10:40: 2026-02-13 13:10:40 [info] : [RECV] postGameEndAfter - MemberId: 4 - Params: { gameId: 1 }
2026-02-13 13:10:40: 2026-02-13 13:10:40 [info] : [RECV] postGameEndAfter - MemberId: 14 - Params: { gameId: 1 }
2026-02-13 13:10:40: 2026-02-13 13:10:40 [info] : [RECV] postGameEndAfter - MemberId: 15 - Params: { gameId: 1 }
2026-02-13 13:10:40: 2026-02-13 13:10:40 [info] : [RECV] postGameEndAfter - MemberId: 10 - Params: { gameId: 1 }
2026-02-13 13:10:40: 2026-02-13 13:10:40 [info] : [RECV] postGameEndAfter - MemberId: 7 - Params: { gameId: 1 }
2026-02-13 13:10:40: 2026-02-13 13:10:40 [info] : [RECV] postGameEndAfter - MemberId: 12 - Params: { gameId: 1 }
2026-02-13 13:10:40: 2026-02-13 13:10:40 [info] : [RECV] postGameEndAfter - MemberId: 5 - Params: { gameId: 1 }
2026-02-13 13:10:40: 2026-02-13 13:10:40 [info] : [RECV] postGameEndAfter - MemberId: 313 - Params: { gameId: 16 }
2026-02-13 13:10:40: 2026-02-13 13:10:40 [info] : [RECV] postGameEndAfter - MemberId: 307 - Params: { gameId: 16 }
2026-02-13 13:10:40: 2026-02-13 13:10:40 [info] : [RECV] postGameEndAfter - MemberId: 316 - Params: { gameId: 16 }
2026-02-13 13:10:40: 2026-02-13 13:10:40 [info] : [RECV] postGameEndAfter - MemberId: 317 - Params: { gameId: 16 }
2026-02-13 13:10:40: 2026-02-13 13:10:40 [info] : [RECV] postGameEndAfter - MemberId: 318 - Params: { gameId: 16 }
2026-02-13 13:10:40: 2026-02-13 13:10:40 [info] : [RECV] postGameEndAfter - MemberId: 319 - Params: { gameId: 16 }
2026-02-13 13:10:40: 2026-02-13 13:10:40 [info] : [RECV] postGameEndAfter - MemberId: 320 - Params: { gameId: 16 }
2026-02-13 13:10:40: 2026-02-13 13:10:40 [info] : [RECV] postGameEndAfter - MemberId: 303 - Params: { gameId: 16 }
2026-02-13 13:10:40: 2026-02-13 13:10:40 [info] : [RECV] postGameEndAfter - MemberId: 305 - Params: { gameId: 16 }
2026-02-13 13:10:40: 2026-02-13 13:10:40 [info] : [RECV] postGameEndAfter - MemberId: 304 - Params: { gameId: 16 }
2026-02-13 13:10:40: 2026-02-13 13:10:40 [info] : [RECV] postGameEndAfter - MemberId: 315 - Params: { gameId: 16 }
2026-02-13 13:10:40: 2026-02-13 13:10:40 [info] : [RECV] postGameEndAfter - MemberId: 306 - Params: { gameId: 16 }
2026-02-13 13:10:40: 2026-02-13 13:10:40 [info] : [RECV] postGameEndAfter - MemberId: 309 - Params: { gameId: 16 }
2026-02-13 13:10:40: 2026-02-13 13:10:40 [info] : [RECV] postGameEndAfter - MemberId: 308 - Params: { gameId: 16 }
2026-02-13 13:10:40: 2026-02-13 13:10:40 [info] : [RECV] postGameEndAfter - MemberId: 301 - Params: { gameId: 16 }
2026-02-13 13:10:40: 2026-02-13 13:10:40 [info] : [RECV] postGameEndAfter - MemberId: 310 - Params: { gameId: 16 }
2026-02-13 13:10:40: 2026-02-13 13:10:40 [info] : [RECV] postGameEndAfter - MemberId: 302 - Params: { gameId: 16 }
2026-02-13 13:10:40: 2026-02-13 13:10:40 [info] : [RECV] postGameEndAfter - MemberId: 314 - Params: { gameId: 16 }
2026-02-13 13:10:40: 2026-02-13 13:10:40 [info] : [RECV] postGameEndAfter - MemberId: 312 - Params: { gameId: 16 }
2026-02-13 13:10:40: 2026-02-13 13:10:40 [info] : [RECV] postGameEndAfter - MemberId: 311 - Params: { gameId: 16 }
2026-02-13 13:10:40: 2026-02-13 13:10:40 [info] : [RECV] postGameEndAfter - MemberId: 327 - Params: { gameId: 17 }
2026-02-13 13:10:40: 2026-02-13 13:10:40 [info] : [RECV] postGameEndAfter - MemberId: 331 - Params: { gameId: 17 }
2026-02-13 13:10:40: 2026-02-13 13:10:40 [info] : [RECV] postGameEndAfter - MemberId: 321 - Params: { gameId: 17 }
2026-02-13 13:10:40: 2026-02-13 13:10:40 [info] : [RECV] postGameEndAfter - MemberId: 322 - Params: { gameId: 17 }
2026-02-13 13:10:40: 2026-02-13 13:10:40 [info] : [RECV] postGameEndAfter - MemberId: 323 - Params: { gameId: 17 }
2026-02-13 13:10:40: 2026-02-13 13:10:40 [info] : [RECV] postGameEndAfter - MemberId: 325 - Params: { gameId: 17 }
2026-02-13 13:10:40: 2026-02-13 13:10:40 [info] : [RECV] postGameEndAfter - MemberId: 324 - Params: { gameId: 17 }
2026-02-13 13:10:40: 2026-02-13 13:10:40 [info] : [RECV] postGameEndAfter - MemberId: 333 - Params: { gameId: 17 }
2026-02-13 13:10:40: 2026-02-13 13:10:40 [info] : [RECV] postGameEndAfter - MemberId: 328 - Params: { gameId: 17 }
2026-02-13 13:10:40: 2026-02-13 13:10:40 [info] : [RECV] postGameEndAfter - MemberId: 326 - Params: { gameId: 17 }
2026-02-13 13:10:40: 2026-02-13 13:10:40 [info] : [RECV] postGameEndAfter - MemberId: 329 - Params: { gameId: 17 }
2026-02-13 13:10:40: 2026-02-13 13:10:40 [info] : [RECV] postGameEndAfter - MemberId: 330 - Params: { gameId: 17 }
2026-02-13 13:10:40: 2026-02-13 13:10:40 [info] : [RECV] postGameEndAfter - MemberId: 332 - Params: { gameId: 17 }
2026-02-13 13:10:40: 2026-02-13 13:10:40 [info] : [RECV] postGameEndAfter - MemberId: 336 - Params: { gameId: 17 }
2026-02-13 13:10:40: 2026-02-13 13:10:40 [info] : [RECV] postGameEndAfter - MemberId: 337 - Params: { gameId: 17 }
2026-02-13 13:10:40: 2026-02-13 13:10:40 [info] : [RECV] postGameEndAfter - MemberId: 334 - Params: { gameId: 17 }
2026-02-13 13:10:40: 2026-02-13 13:10:40 [info] : [RECV] postGameEndAfter - MemberId: 339 - Params: { gameId: 17 }
2026-02-13 13:10:40: 2026-02-13 13:10:40 [info] : [RECV] postGameEndAfter - MemberId: 338 - Params: { gameId: 17 }
2026-02-13 13:10:40: 2026-02-13 13:10:40 [info] : [RECV] postGameEndAfter - MemberId: 340 - Params: { gameId: 17 }
2026-02-13 13:10:40: 2026-02-13 13:10:40 [info] : [RECV] postGameEndAfter - MemberId: 335 - Params: { gameId: 17 }
2026-02-13 13:10:40: 2026-02-13 13:10:40 [info] : [RECV] postGameEndAfter - MemberId: 125 - Params: { gameId: 7 }
2026-02-13 13:10:40: 2026-02-13 13:10:40 [info] : [RECV] postGameEndAfter - MemberId: 140 - Params: { gameId: 7 }
2026-02-13 13:10:40: 2026-02-13 13:10:40 [info] : [RECV] postGameEndAfter - MemberId: 131 - Params: { gameId: 7 }
2026-02-13 13:10:40: 2026-02-13 13:10:40 [info] : [RECV] postGameEndAfter - MemberId: 133 - Params: { gameId: 7 }
2026-02-13 13:10:40: 2026-02-13 13:10:40 [info] : [RECV] postGameEndAfter - MemberId: 136 - Params: { gameId: 7 }
2026-02-13 13:10:40: 2026-02-13 13:10:40 [info] : [RECV] postGameEndAfter - MemberId: 137 - Params: { gameId: 7 }
2026-02-13 13:10:40: 2026-02-13 13:10:40 [info] : [RECV] postGameEndAfter - MemberId: 139 - Params: { gameId: 7 }
2026-02-13 13:10:40: 2026-02-13 13:10:40 [info] : [RECV] postGameEndAfter - MemberId: 121 - Params: { gameId: 7 }
2026-02-13 13:10:40: 2026-02-13 13:10:40 [info] : [RECV] postGameEndAfter - MemberId: 123 - Params: { gameId: 7 }
2026-02-13 13:10:40: 2026-02-13 13:10:40 [info] : [RECV] postGameEndAfter - MemberId: 122 - Params: { gameId: 7 }
2026-02-13 13:10:40: 2026-02-13 13:10:40 [info] : [RECV] postGameEndAfter - MemberId: 126 - Params: { gameId: 7 }
2026-02-13 13:10:40: 2026-02-13 13:10:40 [info] : [RECV] postGameEndAfter - MemberId: 132 - Params: { gameId: 7 }
2026-02-13 13:10:40: 2026-02-13 13:10:40 [info] : [RECV] postGameEndAfter - MemberId: 128 - Params: { gameId: 7 }
2026-02-13 13:10:40: 2026-02-13 13:10:40 [info] : [RECV] postGameEndAfter - MemberId: 129 - Params: { gameId: 7 }
2026-02-13 13:10:40: 2026-02-13 13:10:40 [info] : [RECV] postGameEndAfter - MemberId: 130 - Params: { gameId: 7 }
2026-02-13 13:10:40: 2026-02-13 13:10:40 [info] : [RECV] postGameEndAfter - MemberId: 124 - Params: { gameId: 7 }
2026-02-13 13:10:40: 2026-02-13 13:10:40 [info] : [RECV] postGameEndAfter - MemberId: 134 - Params: { gameId: 7 }
2026-02-13 13:10:40: 2026-02-13 13:10:40 [info] : [RECV] postGameEndAfter - MemberId: 127 - Params: { gameId: 7 }
2026-02-13 13:10:40: 2026-02-13 13:10:40 [info] : [RECV] postGameEndAfter - MemberId: 138 - Params: { gameId: 7 }
2026-02-13 13:10:40: 2026-02-13 13:10:40 [info] : [RECV] postGameEndAfter - MemberId: 135 - Params: { gameId: 7 }
2026-02-13 13:10:40: 2026-02-13 13:10:40 [info] : [RECV] postGameEndAfter - MemberId: 114 - Params: { gameId: 6 }
2026-02-13 13:10:40: 2026-02-13 13:10:40 [info] : [RECV] postGameEndAfter - MemberId: 107 - Params: { gameId: 6 }
2026-02-13 13:10:40: 2026-02-13 13:10:40 [info] : [RECV] postGameEndAfter - MemberId: 103 - Params: { gameId: 6 }
2026-02-13 13:10:40: 2026-02-13 13:10:40 [info] : [RECV] postGameEndAfter - MemberId: 101 - Params: { gameId: 6 }
2026-02-13 13:10:40: 2026-02-13 13:10:40 [info] : [RECV] postGameEndAfter - MemberId: 291 - Params: { gameId: 15 }
2026-02-13 13:10:40: 2026-02-13 13:10:40 [info] : [RECV] postGameEndAfter - MemberId: 117 - Params: { gameId: 6 }
2026-02-13 13:10:40: 2026-02-13 13:10:40 [info] : [RECV] postGameEndAfter - MemberId: 108 - Params: { gameId: 6 }
2026-02-13 13:10:40: 2026-02-13 13:10:40 [info] : [RECV] postGameEndAfter - MemberId: 112 - Params: { gameId: 6 }
2026-02-13 13:10:40: 2026-02-13 13:10:40 [info] : [RECV] postGameEndAfter - MemberId: 120 - Params: { gameId: 6 }
2026-02-13 13:10:40: 2026-02-13 13:10:40 [info] : [RECV] postGameEndAfter - MemberId: 118 - Params: { gameId: 6 }
2026-02-13 13:10:40: 2026-02-13 13:10:40 [info] : [RECV] postGameEndAfter - MemberId: 110 - Params: { gameId: 6 }
2026-02-13 13:10:40: 2026-02-13 13:10:40 [info] : [RECV] postGameEndAfter - MemberId: 116 - Params: { gameId: 6 }
2026-02-13 13:10:40: 2026-02-13 13:10:40 [info] : [RECV] postGameEndAfter - MemberId: 119 - Params: { gameId: 6 }
2026-02-13 13:10:40: 2026-02-13 13:10:40 [info] : [RECV] postGameEndAfter - MemberId: 104 - Params: { gameId: 6 }
2026-02-13 13:10:40: 2026-02-13 13:10:40 [info] : [RECV] postGameEndAfter - MemberId: 284 - Params: { gameId: 15 }
2026-02-13 13:10:40: 2026-02-13 13:10:40 [info] : [RECV] postGameEndAfter - MemberId: 105 - Params: { gameId: 6 }
2026-02-13 13:10:40: 2026-02-13 13:10:40 [info] : [RECV] postGameEndAfter - MemberId: 298 - Params: { gameId: 15 }
2026-02-13 13:10:40: 2026-02-13 13:10:40 [info] : [RECV] postGameEndAfter - MemberId: 299 - Params: { gameId: 15 }
2026-02-13 13:10:40: 2026-02-13 13:10:40 [info] : [RECV] postGameEndAfter - MemberId: 281 - Params: { gameId: 15 }
2026-02-13 13:10:40: 2026-02-13 13:10:40 [info] : [RECV] postGameEndAfter - MemberId: 296 - Params: { gameId: 15 }
2026-02-13 13:10:40: 2026-02-13 13:10:40 [info] : [RECV] postGameEndAfter - MemberId: 289 - Params: { gameId: 15 }
2026-02-13 13:10:40: 2026-02-13 13:10:40 [info] : [RECV] postGameEndAfter - MemberId: 282 - Params: { gameId: 15 }
2026-02-13 13:10:40: 2026-02-13 13:10:40 [info] : [RECV] postGameEndAfter - MemberId: 295 - Params: { gameId: 15 }
2026-02-13 13:10:40: 2026-02-13 13:10:40 [info] : [RECV] postGameEndAfter - MemberId: 297 - Params: { gameId: 15 }
2026-02-13 13:10:40: 2026-02-13 13:10:40 [info] : [RECV] postGameEndAfter - MemberId: 294 - Params: { gameId: 15 }
2026-02-13 13:10:40: 2026-02-13 13:10:40 [info] : [RECV] postGameEndAfter - MemberId: 293 - Params: { gameId: 15 }
2026-02-13 13:10:40: 2026-02-13 13:10:40 [info] : [RECV] postGameEndAfter - MemberId: 285 - Params: { gameId: 15 }
2026-02-13 13:10:40: 2026-02-13 13:10:40 [info] : [RECV] postGameEndAfter - MemberId: 113 - Params: { gameId: 6 }
2026-02-13 13:10:40: 2026-02-13 13:10:40 [info] : [RECV] postGameEndAfter - MemberId: 292 - Params: { gameId: 15 }
2026-02-13 13:10:40: 2026-02-13 13:10:40 [info] : [RECV] postGameEndAfter - MemberId: 290 - Params: { gameId: 15 }
2026-02-13 13:10:40: 2026-02-13 13:10:40 [info] : [RECV] postGameEndAfter - MemberId: 286 - Params: { gameId: 15 }
2026-02-13 13:10:40: 2026-02-13 13:10:40 [info] : [RECV] postGameEndAfter - MemberId: 109 - Params: { gameId: 6 }
2026-02-13 13:10:40: 2026-02-13 13:10:40 [info] : [RECV] postGameEndAfter - MemberId: 102 - Params: { gameId: 6 }
2026-02-13 13:10:40: 2026-02-13 13:10:40 [info] : [RECV] postGameEndAfter - MemberId: 300 - Params: { gameId: 15 }
2026-02-13 13:10:40: 2026-02-13 13:10:40 [info] : [RECV] postGameEndAfter - MemberId: 287 - Params: { gameId: 15 }
2026-02-13 13:10:40: 2026-02-13 13:10:40 [info] : [RECV] postGameEndAfter - MemberId: 115 - Params: { gameId: 6 }
2026-02-13 13:10:40: 2026-02-13 13:10:40 [info] : [RECV] postGameEndAfter - MemberId: 288 - Params: { gameId: 15 }
2026-02-13 13:10:40: 2026-02-13 13:10:40 [info] : [RECV] postGameEndAfter - MemberId: 106 - Params: { gameId: 6 }
2026-02-13 13:10:40: 2026-02-13 13:10:40 [info] : [RECV] postGameEndAfter - MemberId: 111 - Params: { gameId: 6 }
2026-02-13 13:10:40: 2026-02-13 13:10:40 [info] : [RECV] postGameEndAfter - MemberId: 283 - Params: { gameId: 15 }
2026-02-13 13:10:40: 2026-02-13 13:10:40 [info] : [RECV] postGameEndAfter - MemberId: 727 - Params: { gameId: 37 }
2026-02-13 13:10:40: 2026-02-13 13:10:40 [info] : [RECV] postGameEndAfter - MemberId: 730 - Params: { gameId: 37 }
2026-02-13 13:10:40: 2026-02-13 13:10:40 [info] : [RECV] postGameEndAfter - MemberId: 724 - Params: { gameId: 37 }
2026-02-13 13:10:40: 2026-02-13 13:10:40 [info] : [RECV] postGameEndAfter - MemberId: 738 - Params: { gameId: 37 }
2026-02-13 13:10:40: 2026-02-13 13:10:40 [info] : [RECV] postGameEndAfter - MemberId: 731 - Params: { gameId: 37 }
2026-02-13 13:10:40: 2026-02-13 13:10:40 [info] : [RECV] postGameEndAfter - MemberId: 732 - Params: { gameId: 37 }
2026-02-13 13:10:40: 2026-02-13 13:10:40 [info] : [RECV] postGameEndAfter - MemberId: 735 - Params: { gameId: 37 }
2026-02-13 13:10:40: 2026-02-13 13:10:40 [info] : [RECV] postGameEndAfter - MemberId: 721 - Params: { gameId: 37 }
2026-02-13 13:10:40: 2026-02-13 13:10:40 [info] : [RECV] postGameEndAfter - MemberId: 734 - Params: { gameId: 37 }
2026-02-13 13:10:40: 2026-02-13 13:10:40 [info] : [RECV] postGameEndAfter - MemberId: 740 - Params: { gameId: 37 }
2026-02-13 13:10:40: 2026-02-13 13:10:40 [info] : [RECV] postGameEndAfter - MemberId: 739 - Params: { gameId: 37 }
2026-02-13 13:10:40: 2026-02-13 13:10:40 [info] : [RECV] postGameEndAfter - MemberId: 737 - Params: { gameId: 37 }
2026-02-13 13:10:40: 2026-02-13 13:10:40 [info] : [RECV] postGameEndAfter - MemberId: 736 - Params: { gameId: 37 }
2026-02-13 13:10:40: 2026-02-13 13:10:40 [info] : [RECV] postGameEndAfter - MemberId: 723 - Params: { gameId: 37 }
2026-02-13 13:10:40: 2026-02-13 13:10:40 [info] : [RECV] postGameEndAfter - MemberId: 722 - Params: { gameId: 37 }
2026-02-13 13:10:40: 2026-02-13 13:10:40 [info] : [RECV] postGameEndAfter - MemberId: 733 - Params: { gameId: 37 }
2026-02-13 13:10:40: 2026-02-13 13:10:40 [info] : [RECV] postGameEndAfter - MemberId: 729 - Params: { gameId: 37 }
2026-02-13 13:10:40: 2026-02-13 13:10:40 [info] : [RECV] postGameEndAfter - MemberId: 726 - Params: { gameId: 37 }
2026-02-13 13:10:40: 2026-02-13 13:10:40 [info] : [RECV] postGameEndAfter - MemberId: 725 - Params: { gameId: 37 }
2026-02-13 13:10:40: 2026-02-13 13:10:40 [info] : [RECV] postGameEndAfter - MemberId: 728 - Params: { gameId: 37 }
2026-02-13 13:10:40: 2026-02-13 13:10:40 [info] : [RECV] postGameEndAfter - MemberId: 750 - Params: { gameId: 38 }
2026-02-13 13:10:40: 2026-02-13 13:10:40 [info] : [RECV] postGameEndAfter - MemberId: 754 - Params: { gameId: 38 }
2026-02-13 13:10:40: 2026-02-13 13:10:40 [info] : [RECV] postGameEndAfter - MemberId: 747 - Params: { gameId: 38 }
2026-02-13 13:10:40: 2026-02-13 13:10:40 [info] : [RECV] postGameEndAfter - MemberId: 749 - Params: { gameId: 38 }
2026-02-13 13:10:40: 2026-02-13 13:10:40 [info] : [RECV] postGameEndAfter - MemberId: 748 - Params: { gameId: 38 }
2026-02-13 13:10:40: 2026-02-13 13:10:40 [info] : [RECV] postGameEndAfter - MemberId: 745 - Params: { gameId: 38 }
2026-02-13 13:10:40: 2026-02-13 13:10:40 [info] : [RECV] postGameEndAfter - MemberId: 741 - Params: { gameId: 38 }
2026-02-13 13:10:40: 2026-02-13 13:10:40 [info] : [RECV] postGameEndAfter - MemberId: 742 - Params: { gameId: 38 }
2026-02-13 13:10:40: 2026-02-13 13:10:40 [info] : [RECV] postGameEndAfter - MemberId: 751 - Params: { gameId: 38 }
2026-02-13 13:10:40: 2026-02-13 13:10:40 [info] : [RECV] postGameEndAfter - MemberId: 743 - Params: { gameId: 38 }
2026-02-13 13:10:40: 2026-02-13 13:10:40 [info] : [RECV] postGameEndAfter - MemberId: 744 - Params: { gameId: 38 }
2026-02-13 13:10:40: 2026-02-13 13:10:40 [info] : [RECV] postGameEndAfter - MemberId: 757 - Params: { gameId: 38 }
2026-02-13 13:10:40: 2026-02-13 13:10:40 [info] : [RECV] postGameEndAfter - MemberId: 752 - Params: { gameId: 38 }
2026-02-13 13:10:40: 2026-02-13 13:10:40 [info] : [RECV] postGameEndAfter - MemberId: 755 - Params: { gameId: 38 }
2026-02-13 13:10:40: 2026-02-13 13:10:40 [info] : [RECV] postGameEndAfter - MemberId: 759 - Params: { gameId: 38 }
2026-02-13 13:10:40: 2026-02-13 13:10:40 [info] : [RECV] postGameEndAfter - MemberId: 753 - Params: { gameId: 38 }
2026-02-13 13:10:40: 2026-02-13 13:10:40 [info] : [RECV] postGameEndAfter - MemberId: 760 - Params: { gameId: 38 }
2026-02-13 13:10:40: 2026-02-13 13:10:40 [info] : [RECV] postGameEndAfter - MemberId: 756 - Params: { gameId: 38 }
2026-02-13 13:10:40: 2026-02-13 13:10:40 [info] : [RECV] postGameEndAfter - MemberId: 758 - Params: { gameId: 38 }
2026-02-13 13:10:40: 2026-02-13 13:10:40 [info] : [RECV] postGameEndAfter - MemberId: 746 - Params: { gameId: 38 }
2026-02-13 13:10:40: 2026-02-13 13:10:40 [info] : [RECV] postGameEndAfter - MemberId: 958 - Params: { gameId: 48 }
2026-02-13 13:10:40: 2026-02-13 13:10:40 [info] : [RECV] postGameEndAfter - MemberId: 945 - Params: { gameId: 48 }
2026-02-13 13:10:40: 2026-02-13 13:10:40 [info] : [RECV] postGameEndAfter - MemberId: 946 - Params: { gameId: 48 }
2026-02-13 13:10:40: 2026-02-13 13:10:40 [info] : [RECV] postGameEndAfter - MemberId: 957 - Params: { gameId: 48 }
2026-02-13 13:10:40: 2026-02-13 13:10:40 [info] : [RECV] postGameEndAfter - MemberId: 959 - Params: { gameId: 48 }
2026-02-13 13:10:40: 2026-02-13 13:10:40 [info] : [RECV] postGameEndAfter - MemberId: 948 - Params: { gameId: 48 }
2026-02-13 13:10:40: 2026-02-13 13:10:40 [info] : [RECV] postGameEndAfter - MemberId: 947 - Params: { gameId: 48 }
2026-02-13 13:10:40: 2026-02-13 13:10:40 [info] : [RECV] postGameEndAfter - MemberId: 949 - Params: { gameId: 48 }
2026-02-13 13:10:40: 2026-02-13 13:10:40 [info] : [RECV] postGameEndAfter - MemberId: 954 - Params: { gameId: 48 }
2026-02-13 13:10:40: 2026-02-13 13:10:40 [info] : [RECV] postGameEndAfter - MemberId: 955 - Params: { gameId: 48 }
2026-02-13 13:10:40: 2026-02-13 13:10:40 [info] : [RECV] postGameEndAfter - MemberId: 956 - Params: { gameId: 48 }
2026-02-13 13:10:40: 2026-02-13 13:10:40 [info] : [RECV] postGameEndAfter - MemberId: 953 - Params: { gameId: 48 }
2026-02-13 13:10:40: 2026-02-13 13:10:40 [info] : [RECV] postGameEndAfter - MemberId: 951 - Params: { gameId: 48 }
2026-02-13 13:10:40: 2026-02-13 13:10:40 [info] : [RECV] postGameEndAfter - MemberId: 950 - Params: { gameId: 48 }
2026-02-13 13:10:40: 2026-02-13 13:10:40 [info] : [RECV] postGameEndAfter - MemberId: 943 - Params: { gameId: 48 }
2026-02-13 13:10:40: 2026-02-13 13:10:40 [info] : [RECV] postGameEndAfter - MemberId: 960 - Params: { gameId: 48 }
2026-02-13 13:10:40: 2026-02-13 13:10:40 [info] : [RECV] postGameEndAfter - MemberId: 952 - Params: { gameId: 48 }
2026-02-13 13:10:40: 2026-02-13 13:10:40 [info] : [RECV] postGameEndAfter - MemberId: 944 - Params: { gameId: 48 }
2026-02-13 13:10:40: 2026-02-13 13:10:40 [info] : [RECV] postGameEndAfter - MemberId: 942 - Params: { gameId: 48 }
2026-02-13 13:10:40: 2026-02-13 13:10:40 [info] : [RECV] postGameEndAfter - MemberId: 941 - Params: { gameId: 48 }
2026-02-13 13:10:40: 2026-02-13 13:10:40 [info] : [RECV] postGameEndAfter - MemberId: 761 - Params: { gameId: 39 }
2026-02-13 13:10:40: 2026-02-13 13:10:40 [info] : [RECV] postGameEndAfter - MemberId: 771 - Params: { gameId: 39 }
2026-02-13 13:10:40: 2026-02-13 13:10:40 [info] : [RECV] postGameEndAfter - MemberId: 766 - Params: { gameId: 39 }
2026-02-13 13:10:40: 2026-02-13 13:10:40 [info] : [RECV] postGameEndAfter - MemberId: 767 - Params: { gameId: 39 }
2026-02-13 13:10:40: 2026-02-13 13:10:40 [info] : [RECV] postGameEndAfter - MemberId: 764 - Params: { gameId: 39 }
2026-02-13 13:10:40: 2026-02-13 13:10:40 [info] : [RECV] postGameEndAfter - MemberId: 774 - Params: { gameId: 39 }
2026-02-13 13:10:40: 2026-02-13 13:10:40 [info] : [RECV] postGameEndAfter - MemberId: 762 - Params: { gameId: 39 }
2026-02-13 13:10:40: 2026-02-13 13:10:40 [info] : [RECV] postGameEndAfter - MemberId: 777 - Params: { gameId: 39 }
2026-02-13 13:10:40: 2026-02-13 13:10:40 [info] : [RECV] postGameEndAfter - MemberId: 773 - Params: { gameId: 39 }
2026-02-13 13:10:40: 2026-02-13 13:10:40 [info] : [RECV] postGameEndAfter - MemberId: 778 - Params: { gameId: 39 }
2026-02-13 13:10:40: 2026-02-13 13:10:40 [info] : [RECV] postGameEndAfter - MemberId: 779 - Params: { gameId: 39 }
2026-02-13 13:10:40: 2026-02-13 13:10:40 [info] : [RECV] postGameEndAfter - MemberId: 763 - Params: { gameId: 39 }
2026-02-13 13:10:40: 2026-02-13 13:10:40 [info] : [RECV] postGameEndAfter - MemberId: 765 - Params: { gameId: 39 }
2026-02-13 13:10:40: 2026-02-13 13:10:40 [info] : [RECV] postGameEndAfter - MemberId: 775 - Params: { gameId: 39 }
2026-02-13 13:10:40: 2026-02-13 13:10:40 [info] : [RECV] postGameEndAfter - MemberId: 780 - Params: { gameId: 39 }
2026-02-13 13:10:40: 2026-02-13 13:10:40 [info] : [RECV] postGameEndAfter - MemberId: 769 - Params: { gameId: 39 }
2026-02-13 13:10:40: 2026-02-13 13:10:40 [info] : [RECV] postGameEndAfter - MemberId: 770 - Params: { gameId: 39 }
2026-02-13 13:10:40: 2026-02-13 13:10:40 [info] : [RECV] postGameEndAfter - MemberId: 768 - Params: { gameId: 39 }
2026-02-13 13:10:40: 2026-02-13 13:10:40 [info] : [RECV] postGameEndAfter - MemberId: 772 - Params: { gameId: 39 }
2026-02-13 13:10:40: 2026-02-13 13:10:40 [info] : [RECV] postGameEndAfter - MemberId: 776 - Params: { gameId: 39 }
2026-02-13 13:10:40: 2026-02-13 13:10:40 [info] : [RECV] postGameEndAfter - MemberId: 374 - Params: { gameId: 19 }
2026-02-13 13:10:40: 2026-02-13 13:10:40 [info] : [RECV] postGameEndAfter - MemberId: 364 - Params: { gameId: 19 }
2026-02-13 13:10:40: 2026-02-13 13:10:40 [info] : [RECV] postGameEndAfter - MemberId: 376 - Params: { gameId: 19 }
2026-02-13 13:10:40: 2026-02-13 13:10:40 [info] : [RECV] postGameEndAfter - MemberId: 371 - Params: { gameId: 19 }
2026-02-13 13:10:40: 2026-02-13 13:10:40 [info] : [RECV] postGameEndAfter - MemberId: 370 - Params: { gameId: 19 }
2026-02-13 13:10:40: 2026-02-13 13:10:40 [info] : [RECV] postGameEndAfter - MemberId: 373 - Params: { gameId: 19 }
2026-02-13 13:10:40: 2026-02-13 13:10:40 [info] : [RECV] postGameEndAfter - MemberId: 369 - Params: { gameId: 19 }
2026-02-13 13:10:40: 2026-02-13 13:10:40 [info] : [RECV] postGameEndAfter - MemberId: 372 - Params: { gameId: 19 }
2026-02-13 13:10:40: 2026-02-13 13:10:40 [info] : [RECV] postGameEndAfter - MemberId: 365 - Params: { gameId: 19 }
2026-02-13 13:10:40: 2026-02-13 13:10:40 [info] : [RECV] postGameEndAfter - MemberId: 366 - Params: { gameId: 19 }
2026-02-13 13:10:40: 2026-02-13 13:10:40 [info] : [RECV] postGameEndAfter - MemberId: 361 - Params: { gameId: 19 }
2026-02-13 13:10:40: 2026-02-13 13:10:40 [info] : [RECV] postGameEndAfter - MemberId: 367 - Params: { gameId: 19 }
2026-02-13 13:10:40: 2026-02-13 13:10:40 [info] : [RECV] postGameEndAfter - MemberId: 362 - Params: { gameId: 19 }
2026-02-13 13:10:40: 2026-02-13 13:10:40 [info] : [RECV] postGameEndAfter - MemberId: 368 - Params: { gameId: 19 }
2026-02-13 13:10:40: 2026-02-13 13:10:40 [info] : [RECV] postGameEndAfter - MemberId: 375 - Params: { gameId: 19 }
2026-02-13 13:10:40: 2026-02-13 13:10:40 [info] : [RECV] postGameEndAfter - MemberId: 363 - Params: { gameId: 19 }
2026-02-13 13:10:40: 2026-02-13 13:10:40 [info] : [RECV] postGameEndAfter - MemberId: 378 - Params: { gameId: 19 }
2026-02-13 13:10:40: 2026-02-13 13:10:40 [info] : [RECV] postGameEndAfter - MemberId: 379 - Params: { gameId: 19 }
2026-02-13 13:10:40: 2026-02-13 13:10:40 [info] : [RECV] postGameEndAfter - MemberId: 380 - Params: { gameId: 19 }
2026-02-13 13:10:40: 2026-02-13 13:10:40 [info] : [RECV] postGameEndAfter - MemberId: 377 - Params: { gameId: 19 }
2026-02-13 13:10:40: 2026-02-13 13:10:40 [info] : [RECV] postGameEndAfter - MemberId: 828 - Params: { gameId: 42 }
2026-02-13 13:10:40: 2026-02-13 13:10:40 [info] : [RECV] postGameEndAfter - MemberId: 825 - Params: { gameId: 42 }
2026-02-13 13:10:40: 2026-02-13 13:10:40 [info] : [RECV] postGameEndAfter - MemberId: 823 - Params: { gameId: 42 }
2026-02-13 13:10:40: 2026-02-13 13:10:40 [info] : [RECV] postGameEndAfter - MemberId: 821 - Params: { gameId: 42 }
2026-02-13 13:10:40: 2026-02-13 13:10:40 [info] : [RECV] postGameEndAfter - MemberId: 838 - Params: { gameId: 42 }
2026-02-13 13:10:40: 2026-02-13 13:10:40 [info] : [RECV] postGameEndAfter - MemberId: 836 - Params: { gameId: 42 }
2026-02-13 13:10:40: 2026-02-13 13:10:40 [info] : [RECV] postGameEndAfter - MemberId: 829 - Params: { gameId: 42 }
2026-02-13 13:10:40: 2026-02-13 13:10:40 [info] : [RECV] postGameEndAfter - MemberId: 826 - Params: { gameId: 42 }
2026-02-13 13:10:40: 2026-02-13 13:10:40 [info] : [RECV] postGameEndAfter - MemberId: 834 - Params: { gameId: 42 }
2026-02-13 13:10:40: 2026-02-13 13:10:40 [info] : [RECV] postGameEndAfter - MemberId: 822 - Params: { gameId: 42 }
2026-02-13 13:10:40: 2026-02-13 13:10:40 [info] : [RECV] postGameEndAfter - MemberId: 824 - Params: { gameId: 42 }
2026-02-13 13:10:40: 2026-02-13 13:10:40 [info] : [RECV] postGameEndAfter - MemberId: 837 - Params: { gameId: 42 }
2026-02-13 13:10:40: 2026-02-13 13:10:40 [info] : [RECV] postGameEndAfter - MemberId: 835 - Params: { gameId: 42 }
2026-02-13 13:10:40: 2026-02-13 13:10:40 [info] : [RECV] postGameEndAfter - MemberId: 827 - Params: { gameId: 42 }
2026-02-13 13:10:40: 2026-02-13 13:10:40 [info] : [RECV] postGameEndAfter - MemberId: 833 - Params: { gameId: 42 }
2026-02-13 13:10:40: 2026-02-13 13:10:40 [info] : [RECV] postGameEndAfter - MemberId: 830 - Params: { gameId: 42 }
2026-02-13 13:10:40: 2026-02-13 13:10:40 [info] : [RECV] postGameEndAfter - MemberId: 840 - Params: { gameId: 42 }
2026-02-13 13:10:40: 2026-02-13 13:10:40 [info] : [RECV] postGameEndAfter - MemberId: 832 - Params: { gameId: 42 }
2026-02-13 13:10:40: 2026-02-13 13:10:40 [info] : [RECV] postGameEndAfter - MemberId: 839 - Params: { gameId: 42 }
2026-02-13 13:10:40: 2026-02-13 13:10:40 [info] : [RECV] postGameEndAfter - MemberId: 831 - Params: { gameId: 42 }
2026-02-13 13:10:40: 2026-02-13 13:10:40 [info] : [RECV] postGameEndAfter - MemberId: 964 - Params: { gameId: 49 }
2026-02-13 13:10:40: 2026-02-13 13:10:40 [info] : [RECV] postGameEndAfter - MemberId: 968 - Params: { gameId: 49 }
2026-02-13 13:10:40: 2026-02-13 13:10:40 [info] : [RECV] postGameEndAfter - MemberId: 970 - Params: { gameId: 49 }
2026-02-13 13:10:40: 2026-02-13 13:10:40 [info] : [RECV] postGameEndAfter - MemberId: 963 - Params: { gameId: 49 }
2026-02-13 13:10:40: 2026-02-13 13:10:40 [info] : [RECV] postGameEndAfter - MemberId: 965 - Params: { gameId: 49 }
2026-02-13 13:10:40: 2026-02-13 13:10:40 [info] : [RECV] postGameEndAfter - MemberId: 973 - Params: { gameId: 49 }
2026-02-13 13:10:40: 2026-02-13 13:10:40 [info] : [RECV] postGameEndAfter - MemberId: 980 - Params: { gameId: 49 }
2026-02-13 13:10:40: 2026-02-13 13:10:40 [info] : [RECV] postGameEndAfter - MemberId: 967 - Params: { gameId: 49 }
2026-02-13 13:10:40: 2026-02-13 13:10:40 [info] : [RECV] postGameEndAfter - MemberId: 978 - Params: { gameId: 49 }
2026-02-13 13:10:40: 2026-02-13 13:10:40 [info] : [RECV] postGameEndAfter - MemberId: 975 - Params: { gameId: 49 }
2026-02-13 13:10:40: 2026-02-13 13:10:40 [info] : [RECV] postGameEndAfter - MemberId: 966 - Params: { gameId: 49 }
2026-02-13 13:10:40: 2026-02-13 13:10:40 [info] : [RECV] postGameEndAfter - MemberId: 977 - Params: { gameId: 49 }
2026-02-13 13:10:40: 2026-02-13 13:10:40 [info] : [RECV] postGameEndAfter - MemberId: 962 - Params: { gameId: 49 }
2026-02-13 13:10:40: 2026-02-13 13:10:40 [info] : [RECV] postGameEndAfter - MemberId: 974 - Params: { gameId: 49 }
2026-02-13 13:10:40: 2026-02-13 13:10:40 [info] : [RECV] postGameEndAfter - MemberId: 976 - Params: { gameId: 49 }
2026-02-13 13:10:40: 2026-02-13 13:10:40 [info] : [RECV] postGameEndAfter - MemberId: 971 - Params: { gameId: 49 }
2026-02-13 13:10:40: 2026-02-13 13:10:40 [info] : [RECV] postGameEndAfter - MemberId: 961 - Params: { gameId: 49 }
2026-02-13 13:10:40: 2026-02-13 13:10:40 [info] : [RECV] postGameEndAfter - MemberId: 969 - Params: { gameId: 49 }
2026-02-13 13:10:40: 2026-02-13 13:10:40 [info] : [RECV] postGameEndAfter - MemberId: 972 - Params: { gameId: 49 }
2026-02-13 13:10:40: 2026-02-13 13:10:40 [info] : [RECV] postGameEndAfter - MemberId: 979 - Params: { gameId: 49 }
2026-02-13 13:10:40: 2026-02-13 13:10:40 [info] : [RECV] postGameEndAfter - MemberId: 784 - Params: { gameId: 40 }
2026-02-13 13:10:40: 2026-02-13 13:10:40 [info] : [RECV] postGameEndAfter - MemberId: 794 - Params: { gameId: 40 }
2026-02-13 13:10:40: 2026-02-13 13:10:40 [info] : [RECV] postGameEndAfter - MemberId: 797 - Params: { gameId: 40 }
2026-02-13 13:10:40: 2026-02-13 13:10:40 [info] : [RECV] postGameEndAfter - MemberId: 798 - Params: { gameId: 40 }
2026-02-13 13:10:40: 2026-02-13 13:10:40 [info] : [RECV] postGameEndAfter - MemberId: 783 - Params: { gameId: 40 }
2026-02-13 13:10:40: 2026-02-13 13:10:40 [info] : [RECV] postGameEndAfter - MemberId: 791 - Params: { gameId: 40 }
2026-02-13 13:10:40: 2026-02-13 13:10:40 [info] : [RECV] postGameEndAfter - MemberId: 789 - Params: { gameId: 40 }
2026-02-13 13:10:40: 2026-02-13 13:10:40 [info] : [RECV] postGameEndAfter - MemberId: 787 - Params: { gameId: 40 }
2026-02-13 13:10:40: 2026-02-13 13:10:40 [info] : [RECV] postGameEndAfter - MemberId: 790 - Params: { gameId: 40 }
2026-02-13 13:10:40: 2026-02-13 13:10:40 [info] : [RECV] postGameEndAfter - MemberId: 800 - Params: { gameId: 40 }
2026-02-13 13:10:40: 2026-02-13 13:10:40 [info] : [RECV] postGameEndAfter - MemberId: 795 - Params: { gameId: 40 }
2026-02-13 13:10:40: 2026-02-13 13:10:40 [info] : [RECV] postGameEndAfter - MemberId: 799 - Params: { gameId: 40 }
2026-02-13 13:10:40: 2026-02-13 13:10:40 [info] : [RECV] postGameEndAfter - MemberId: 792 - Params: { gameId: 40 }
2026-02-13 13:10:40: 2026-02-13 13:10:40 [info] : [RECV] postGameEndAfter - MemberId: 788 - Params: { gameId: 40 }
2026-02-13 13:10:40: 2026-02-13 13:10:40 [info] : [RECV] postGameEndAfter - MemberId: 796 - Params: { gameId: 40 }
2026-02-13 13:10:40: 2026-02-13 13:10:40 [info] : [RECV] postGameEndAfter - MemberId: 793 - Params: { gameId: 40 }
2026-02-13 13:10:40: 2026-02-13 13:10:40 [info] : [RECV] postGameEndAfter - MemberId: 781 - Params: { gameId: 40 }
2026-02-13 13:10:40: 2026-02-13 13:10:40 [info] : [RECV] postGameEndAfter - MemberId: 786 - Params: { gameId: 40 }
2026-02-13 13:10:40: 2026-02-13 13:10:40 [info] : [RECV] postGameEndAfter - MemberId: 785 - Params: { gameId: 40 }
2026-02-13 13:10:40: 2026-02-13 13:10:40 [info] : [RECV] postGameEndAfter - MemberId: 782 - Params: { gameId: 40 }
2026-02-13 13:10:40: 2026-02-13 13:10:40 [info] : [RECV] postGameEndAfter - MemberId: 998 - Params: { gameId: 50 }
2026-02-13 13:10:40: 2026-02-13 13:10:40 [info] : [RECV] postGameEndAfter - MemberId: 997 - Params: { gameId: 50 }
2026-02-13 13:10:40: 2026-02-13 13:10:40 [info] : [RECV] postGameEndAfter - MemberId: 985 - Params: { gameId: 50 }
2026-02-13 13:10:40: 2026-02-13 13:10:40 [info] : [RECV] postGameEndAfter - MemberId: 984 - Params: { gameId: 50 }
2026-02-13 13:10:40: 2026-02-13 13:10:40 [info] : [RECV] postGameEndAfter - MemberId: 981 - Params: { gameId: 50 }
2026-02-13 13:10:40: 2026-02-13 13:10:40 [info] : [RECV] postGameEndAfter - MemberId: 982 - Params: { gameId: 50 }
2026-02-13 13:10:40: 2026-02-13 13:10:40 [info] : [RECV] postGameEndAfter - MemberId: 999 - Params: { gameId: 50 }
2026-02-13 13:10:40: 2026-02-13 13:10:40 [info] : [RECV] postGameEndAfter - MemberId: 986 - Params: { gameId: 50 }
2026-02-13 13:10:40: 2026-02-13 13:10:40 [info] : [RECV] postGameEndAfter - MemberId: 1000 - Params: { gameId: 50 }
2026-02-13 13:10:40: 2026-02-13 13:10:40 [info] : [RECV] postGameEndAfter - MemberId: 987 - Params: { gameId: 50 }
2026-02-13 13:10:40: 2026-02-13 13:10:40 [info] : [RECV] postGameEndAfter - MemberId: 990 - Params: { gameId: 50 }
2026-02-13 13:10:40: 2026-02-13 13:10:40 [info] : [RECV] postGameEndAfter - MemberId: 991 - Params: { gameId: 50 }
2026-02-13 13:10:40: 2026-02-13 13:10:40 [info] : [RECV] postGameEndAfter - MemberId: 996 - Params: { gameId: 50 }
2026-02-13 13:10:40: 2026-02-13 13:10:40 [info] : [RECV] postGameEndAfter - MemberId: 983 - Params: { gameId: 50 }
2026-02-13 13:10:40: 2026-02-13 13:10:40 [info] : [RECV] postGameEndAfter - MemberId: 989 - Params: { gameId: 50 }
2026-02-13 13:10:40: 2026-02-13 13:10:40 [info] : [RECV] postGameEndAfter - MemberId: 994 - Params: { gameId: 50 }
2026-02-13 13:10:40: 2026-02-13 13:10:40 [info] : [RECV] postGameEndAfter - MemberId: 988 - Params: { gameId: 50 }
2026-02-13 13:10:40: 2026-02-13 13:10:40 [info] : [RECV] postGameEndAfter - MemberId: 993 - Params: { gameId: 50 }
2026-02-13 13:10:40: 2026-02-13 13:10:40 [info] : [RECV] postGameEndAfter - MemberId: 995 - Params: { gameId: 50 }
2026-02-13 13:10:40: 2026-02-13 13:10:40 [info] : [RECV] postGameEndAfter - MemberId: 992 - Params: { gameId: 50 }
2026-02-13 13:10:40: 2026-02-13 13:10:40 [info] : [RECV] postGameEndAfter - MemberId: 417 - Params: { gameId: 21 }
2026-02-13 13:10:40: 2026-02-13 13:10:40 [info] : [RECV] postGameEndAfter - MemberId: 412 - Params: { gameId: 21 }
2026-02-13 13:10:40: 2026-02-13 13:10:40 [info] : [RECV] postGameEndAfter - MemberId: 413 - Params: { gameId: 21 }
2026-02-13 13:10:40: 2026-02-13 13:10:40 [info] : [RECV] postGameEndAfter - MemberId: 418 - Params: { gameId: 21 }
2026-02-13 13:10:40: 2026-02-13 13:10:40 [info] : [RECV] postGameEndAfter - MemberId: 419 - Params: { gameId: 21 }
2026-02-13 13:10:40: 2026-02-13 13:10:40 [info] : [RECV] postGameEndAfter - MemberId: 402 - Params: { gameId: 21 }
2026-02-13 13:10:40: 2026-02-13 13:10:40 [info] : [RECV] postGameEndAfter - MemberId: 405 - Params: { gameId: 21 }
2026-02-13 13:10:40: 2026-02-13 13:10:40 [info] : [RECV] postGameEndAfter - MemberId: 403 - Params: { gameId: 21 }
2026-02-13 13:10:40: 2026-02-13 13:10:40 [info] : [RECV] postGameEndAfter - MemberId: 414 - Params: { gameId: 21 }
2026-02-13 13:10:40: 2026-02-13 13:10:40 [info] : [RECV] postGameEndAfter - MemberId: 409 - Params: { gameId: 21 }
2026-02-13 13:10:40: 2026-02-13 13:10:40 [info] : [RECV] postGameEndAfter - MemberId: 404 - Params: { gameId: 21 }
2026-02-13 13:10:40: 2026-02-13 13:10:40 [info] : [RECV] postGameEndAfter - MemberId: 407 - Params: { gameId: 21 }
2026-02-13 13:10:40: 2026-02-13 13:10:40 [info] : [RECV] postGameEndAfter - MemberId: 406 - Params: { gameId: 21 }
2026-02-13 13:10:40: 2026-02-13 13:10:40 [info] : [RECV] postGameEndAfter - MemberId: 415 - Params: { gameId: 21 }
2026-02-13 13:10:40: 2026-02-13 13:10:40 [info] : [RECV] postGameEndAfter - MemberId: 420 - Params: { gameId: 21 }
2026-02-13 13:10:40: 2026-02-13 13:10:40 [info] : [RECV] postGameEndAfter - MemberId: 411 - Params: { gameId: 21 }
2026-02-13 13:10:40: 2026-02-13 13:10:40 [info] : [RECV] postGameEndAfter - MemberId: 408 - Params: { gameId: 21 }
2026-02-13 13:10:40: 2026-02-13 13:10:40 [info] : [RECV] postGameEndAfter - MemberId: 410 - Params: { gameId: 21 }
2026-02-13 13:10:40: 2026-02-13 13:10:40 [info] : [RECV] postGameEndAfter - MemberId: 416 - Params: { gameId: 21 }
2026-02-13 13:10:40: 2026-02-13 13:10:40 [info] : [RECV] postGameEndAfter - MemberId: 401 - Params: { gameId: 21 }
2026-02-13 13:10:40: 2026-02-13 13:10:40 [info] : [RECV] postGameEndAfter - MemberId: 815 - Params: { gameId: 41 }
2026-02-13 13:10:40: 2026-02-13 13:10:40 [info] : [RECV] postGameEndAfter - MemberId: 818 - Params: { gameId: 41 }
2026-02-13 13:10:40: 2026-02-13 13:10:40 [info] : [RECV] postGameEndAfter - MemberId: 816 - Params: { gameId: 41 }
2026-02-13 13:10:40: 2026-02-13 13:10:40 [info] : [RECV] postGameEndAfter - MemberId: 812 - Params: { gameId: 41 }
2026-02-13 13:10:40: 2026-02-13 13:10:40 [info] : [RECV] postGameEndAfter - MemberId: 805 - Params: { gameId: 41 }
2026-02-13 13:10:40: 2026-02-13 13:10:40 [info] : [RECV] postGameEndAfter - MemberId: 819 - Params: { gameId: 41 }
2026-02-13 13:10:40: 2026-02-13 13:10:40 [info] : [RECV] postGameEndAfter - MemberId: 817 - Params: { gameId: 41 }
2026-02-13 13:10:40: 2026-02-13 13:10:40 [info] : [RECV] postGameEndAfter - MemberId: 811 - Params: { gameId: 41 }
2026-02-13 13:10:40: 2026-02-13 13:10:40 [info] : [RECV] postGameEndAfter - MemberId: 813 - Params: { gameId: 41 }
2026-02-13 13:10:40: 2026-02-13 13:10:40 [info] : [RECV] postGameEndAfter - MemberId: 808 - Params: { gameId: 41 }
2026-02-13 13:10:40: 2026-02-13 13:10:40 [info] : [RECV] postGameEndAfter - MemberId: 814 - Params: { gameId: 41 }
2026-02-13 13:10:40: 2026-02-13 13:10:40 [info] : [RECV] postGameEndAfter - MemberId: 802 - Params: { gameId: 41 }
2026-02-13 13:10:40: 2026-02-13 13:10:40 [info] : [RECV] postGameEndAfter - MemberId: 806 - Params: { gameId: 41 }
2026-02-13 13:10:40: 2026-02-13 13:10:40 [info] : [RECV] postGameEndAfter - MemberId: 801 - Params: { gameId: 41 }
2026-02-13 13:10:40: 2026-02-13 13:10:40 [info] : [RECV] postGameEndAfter - MemberId: 810 - Params: { gameId: 41 }
2026-02-13 13:10:40: 2026-02-13 13:10:40 [info] : [RECV] postGameEndAfter - MemberId: 803 - Params: { gameId: 41 }
2026-02-13 13:10:40: 2026-02-13 13:10:40 [info] : [RECV] postGameEndAfter - MemberId: 809 - Params: { gameId: 41 }
2026-02-13 13:10:40: 2026-02-13 13:10:40 [info] : [RECV] postGameEndAfter - MemberId: 820 - Params: { gameId: 41 }
2026-02-13 13:10:40: 2026-02-13 13:10:40 [info] : [RECV] postGameEndAfter - MemberId: 807 - Params: { gameId: 41 }
2026-02-13 13:10:40: 2026-02-13 13:10:40 [info] : [RECV] postGameEndAfter - MemberId: 804 - Params: { gameId: 41 }
2026-02-13 13:10:40: 2026-02-13 13:10:40 [info] : [RECV] postGameEndAfter - MemberId: 573 - Params: { gameId: 29 }
2026-02-13 13:10:40: 2026-02-13 13:10:40 [info] : [RECV] postGameEndAfter - MemberId: 568 - Params: { gameId: 29 }
2026-02-13 13:10:40: 2026-02-13 13:10:40 [info] : [RECV] postGameEndAfter - MemberId: 570 - Params: { gameId: 29 }
2026-02-13 13:10:40: 2026-02-13 13:10:40 [info] : [RECV] postGameEndAfter - MemberId: 576 - Params: { gameId: 29 }
2026-02-13 13:10:40: 2026-02-13 13:10:40 [info] : [RECV] postGameEndAfter - MemberId: 574 - Params: { gameId: 29 }
2026-02-13 13:10:40: 2026-02-13 13:10:40 [info] : [RECV] postGameEndAfter - MemberId: 569 - Params: { gameId: 29 }
2026-02-13 13:10:40: 2026-02-13 13:10:40 [info] : [RECV] postGameEndAfter - MemberId: 564 - Params: { gameId: 29 }
2026-02-13 13:10:40: 2026-02-13 13:10:40 [info] : [RECV] postGameEndAfter - MemberId: 577 - Params: { gameId: 29 }
2026-02-13 13:10:40: 2026-02-13 13:10:40 [info] : [RECV] postGameEndAfter - MemberId: 567 - Params: { gameId: 29 }
2026-02-13 13:10:40: 2026-02-13 13:10:40 [info] : [RECV] postGameEndAfter - MemberId: 580 - Params: { gameId: 29 }
2026-02-13 13:10:40: 2026-02-13 13:10:40 [info] : [RECV] postGameEndAfter - MemberId: 578 - Params: { gameId: 29 }
2026-02-13 13:10:40: 2026-02-13 13:10:40 [info] : [RECV] postGameEndAfter - MemberId: 579 - Params: { gameId: 29 }
2026-02-13 13:10:40: 2026-02-13 13:10:40 [info] : [RECV] postGameEndAfter - MemberId: 563 - Params: { gameId: 29 }
2026-02-13 13:10:40: 2026-02-13 13:10:40 [info] : [RECV] postGameEndAfter - MemberId: 575 - Params: { gameId: 29 }
2026-02-13 13:10:40: 2026-02-13 13:10:40 [info] : [RECV] postGameEndAfter - MemberId: 572 - Params: { gameId: 29 }
2026-02-13 13:10:40: 2026-02-13 13:10:40 [info] : [RECV] postGameEndAfter - MemberId: 571 - Params: { gameId: 29 }
2026-02-13 13:10:40: 2026-02-13 13:10:40 [info] : [RECV] postGameEndAfter - MemberId: 565 - Params: { gameId: 29 }
2026-02-13 13:10:40: 2026-02-13 13:10:40 [info] : [RECV] postGameEndAfter - MemberId: 566 - Params: { gameId: 29 }
2026-02-13 13:10:40: 2026-02-13 13:10:40 [info] : [RECV] postGameEndAfter - MemberId: 561 - Params: { gameId: 29 }
2026-02-13 13:10:40: 2026-02-13 13:10:40 [info] : [RECV] postGameEndAfter - MemberId: 562 - Params: { gameId: 29 }
2026-02-13 13:10:40: 2026-02-13 13:10:40 [info] : [RECV] postGameEndAfter - MemberId: 263 - Params: { gameId: 14 }
2026-02-13 13:10:40: 2026-02-13 13:10:40 [info] : [RECV] postGameEndAfter - MemberId: 265 - Params: { gameId: 14 }
2026-02-13 13:10:40: 2026-02-13 13:10:40 [info] : [RECV] postGameEndAfter - MemberId: 277 - Params: { gameId: 14 }
2026-02-13 13:10:40: 2026-02-13 13:10:40 [info] : [RECV] postGameEndAfter - MemberId: 279 - Params: { gameId: 14 }
2026-02-13 13:10:40: 2026-02-13 13:10:40 [info] : [RECV] postGameEndAfter - MemberId: 268 - Params: { gameId: 14 }
2026-02-13 13:10:40: 2026-02-13 13:10:40 [info] : [RECV] postGameEndAfter - MemberId: 262 - Params: { gameId: 14 }
2026-02-13 13:10:40: 2026-02-13 13:10:40 [info] : [RECV] postGameEndAfter - MemberId: 274 - Params: { gameId: 14 }
2026-02-13 13:10:40: 2026-02-13 13:10:40 [info] : [RECV] postGameEndAfter - MemberId: 261 - Params: { gameId: 14 }
2026-02-13 13:10:40: 2026-02-13 13:10:40 [info] : [RECV] postGameEndAfter - MemberId: 271 - Params: { gameId: 14 }
2026-02-13 13:10:40: 2026-02-13 13:10:40 [info] : [RECV] postGameEndAfter - MemberId: 276 - Params: { gameId: 14 }
2026-02-13 13:10:40: 2026-02-13 13:10:40 [info] : [RECV] postGameEndAfter - MemberId: 266 - Params: { gameId: 14 }
2026-02-13 13:10:40: 2026-02-13 13:10:40 [info] : [RECV] postGameEndAfter - MemberId: 278 - Params: { gameId: 14 }
2026-02-13 13:10:40: 2026-02-13 13:10:40 [info] : [RECV] postGameEndAfter - MemberId: 264 - Params: { gameId: 14 }
2026-02-13 13:10:40: 2026-02-13 13:10:40 [info] : [RECV] postGameEndAfter - MemberId: 269 - Params: { gameId: 14 }
2026-02-13 13:10:40: 2026-02-13 13:10:40 [info] : [RECV] postGameEndAfter - MemberId: 273 - Params: { gameId: 14 }
2026-02-13 13:10:40: 2026-02-13 13:10:40 [info] : [RECV] postGameEndAfter - MemberId: 272 - Params: { gameId: 14 }
2026-02-13 13:10:40: 2026-02-13 13:10:40 [info] : [RECV] postGameEndAfter - MemberId: 275 - Params: { gameId: 14 }
2026-02-13 13:10:40: 2026-02-13 13:10:40 [info] : [RECV] postGameEndAfter - MemberId: 267 - Params: { gameId: 14 }
2026-02-13 13:10:40: 2026-02-13 13:10:40 [info] : [RECV] postGameEndAfter - MemberId: 280 - Params: { gameId: 14 }
2026-02-13 13:10:40: 2026-02-13 13:10:40 [info] : [RECV] postGameEndAfter - MemberId: 270 - Params: { gameId: 14 }
2026-02-13 13:10:40: 2026-02-13 13:10:40 [info] : [RECV] postGameEndAfter - MemberId: 483 - Params: { gameId: 25 }
2026-02-13 13:10:40: 2026-02-13 13:10:40 [info] : [RECV] postGameEndAfter - MemberId: 482 - Params: { gameId: 25 }
2026-02-13 13:10:40: 2026-02-13 13:10:40 [info] : [RECV] postGameEndAfter - MemberId: 491 - Params: { gameId: 25 }
2026-02-13 13:10:40: 2026-02-13 13:10:40 [info] : [RECV] postGameEndAfter - MemberId: 485 - Params: { gameId: 25 }
2026-02-13 13:10:40: 2026-02-13 13:10:40 [info] : [RECV] postGameEndAfter - MemberId: 493 - Params: { gameId: 25 }
2026-02-13 13:10:40: 2026-02-13 13:10:40 [info] : [RECV] postGameEndAfter - MemberId: 490 - Params: { gameId: 25 }
2026-02-13 13:10:40: 2026-02-13 13:10:40 [info] : [RECV] postGameEndAfter - MemberId: 484 - Params: { gameId: 25 }
2026-02-13 13:10:40: 2026-02-13 13:10:40 [info] : [RECV] postGameEndAfter - MemberId: 492 - Params: { gameId: 25 }
2026-02-13 13:10:40: 2026-02-13 13:10:40 [info] : [RECV] postGameEndAfter - MemberId: 487 - Params: { gameId: 25 }
2026-02-13 13:10:40: 2026-02-13 13:10:40 [info] : [RECV] postGameEndAfter - MemberId: 498 - Params: { gameId: 25 }
2026-02-13 13:10:40: 2026-02-13 13:10:40 [info] : [RECV] postGameEndAfter - MemberId: 495 - Params: { gameId: 25 }
2026-02-13 13:10:40: 2026-02-13 13:10:40 [info] : [RECV] postGameEndAfter - MemberId: 488 - Params: { gameId: 25 }
2026-02-13 13:10:40: 2026-02-13 13:10:40 [info] : [RECV] postGameEndAfter - MemberId: 486 - Params: { gameId: 25 }
2026-02-13 13:10:40: 2026-02-13 13:10:40 [info] : [RECV] postGameEndAfter - MemberId: 481 - Params: { gameId: 25 }
2026-02-13 13:10:40: 2026-02-13 13:10:40 [info] : [RECV] postGameEndAfter - MemberId: 494 - Params: { gameId: 25 }
2026-02-13 13:10:40: 2026-02-13 13:10:40 [info] : [RECV] postGameEndAfter - MemberId: 496 - Params: { gameId: 25 }
2026-02-13 13:10:40: 2026-02-13 13:10:40 [info] : [RECV] postGameEndAfter - MemberId: 497 - Params: { gameId: 25 }
2026-02-13 13:10:40: 2026-02-13 13:10:40 [info] : [RECV] postGameEndAfter - MemberId: 489 - Params: { gameId: 25 }
2026-02-13 13:10:40: 2026-02-13 13:10:40 [info] : [RECV] postGameEndAfter - MemberId: 499 - Params: { gameId: 25 }
2026-02-13 13:10:40: 2026-02-13 13:10:40 [info] : [RECV] postGameEndAfter - MemberId: 500 - Params: { gameId: 25 }
2026-02-13 13:10:40: 2026-02-13 13:10:40 [info] : [RECV] postGameEndAfter - MemberId: 849 - Params: { gameId: 43 }
2026-02-13 13:10:40: 2026-02-13 13:10:40 [info] : [RECV] postGameEndAfter - MemberId: 850 - Params: { gameId: 43 }
2026-02-13 13:10:40: 2026-02-13 13:10:40 [info] : [RECV] postGameEndAfter - MemberId: 852 - Params: { gameId: 43 }
2026-02-13 13:10:40: 2026-02-13 13:10:40 [info] : [RECV] postGameEndAfter - MemberId: 845 - Params: { gameId: 43 }
2026-02-13 13:10:40: 2026-02-13 13:10:40 [info] : [RECV] postGameEndAfter - MemberId: 846 - Params: { gameId: 43 }
2026-02-13 13:10:40: 2026-02-13 13:10:40 [info] : [RECV] postGameEndAfter - MemberId: 847 - Params: { gameId: 43 }
2026-02-13 13:10:40: 2026-02-13 13:10:40 [info] : [RECV] postGameEndAfter - MemberId: 848 - Params: { gameId: 43 }
2026-02-13 13:10:40: 2026-02-13 13:10:40 [info] : [RECV] postGameEndAfter - MemberId: 851 - Params: { gameId: 43 }
2026-02-13 13:10:40: 2026-02-13 13:10:40 [info] : [RECV] postGameEndAfter - MemberId: 843 - Params: { gameId: 43 }
2026-02-13 13:10:40: 2026-02-13 13:10:40 [info] : [RECV] postGameEndAfter - MemberId: 858 - Params: { gameId: 43 }
2026-02-13 13:10:40: 2026-02-13 13:10:40 [info] : [RECV] postGameEndAfter - MemberId: 844 - Params: { gameId: 43 }
2026-02-13 13:10:40: 2026-02-13 13:10:40 [info] : [RECV] postGameEndAfter - MemberId: 857 - Params: { gameId: 43 }
2026-02-13 13:10:40: 2026-02-13 13:10:40 [info] : [RECV] postGameEndAfter - MemberId: 860 - Params: { gameId: 43 }
2026-02-13 13:10:40: 2026-02-13 13:10:40 [info] : [RECV] postGameEndAfter - MemberId: 841 - Params: { gameId: 43 }
2026-02-13 13:10:40: 2026-02-13 13:10:40 [info] : [RECV] postGameEndAfter - MemberId: 856 - Params: { gameId: 43 }
2026-02-13 13:10:40: 2026-02-13 13:10:40 [info] : [RECV] postGameEndAfter - MemberId: 859 - Params: { gameId: 43 }
2026-02-13 13:10:40: 2026-02-13 13:10:40 [info] : [RECV] postGameEndAfter - MemberId: 853 - Params: { gameId: 43 }
2026-02-13 13:10:40: 2026-02-13 13:10:40 [info] : [RECV] postGameEndAfter - MemberId: 855 - Params: { gameId: 43 }
2026-02-13 13:10:40: 2026-02-13 13:10:40 [info] : [RECV] postGameEndAfter - MemberId: 854 - Params: { gameId: 43 }
2026-02-13 13:10:40: 2026-02-13 13:10:40 [info] : [RECV] postGameEndAfter - MemberId: 842 - Params: { gameId: 43 }
2026-02-13 13:10:40: 2026-02-13 13:10:40 [info] : [RECV] postGameEndAfter - MemberId: 924 - Params: { gameId: 47 }
2026-02-13 13:10:40: 2026-02-13 13:10:40 [info] : [RECV] postGameEndAfter - MemberId: 922 - Params: { gameId: 47 }
2026-02-13 13:10:40: 2026-02-13 13:10:40 [info] : [RECV] postGameEndAfter - MemberId: 940 - Params: { gameId: 47 }
2026-02-13 13:10:40: 2026-02-13 13:10:40 [info] : [RECV] postGameEndAfter - MemberId: 921 - Params: { gameId: 47 }
2026-02-13 13:10:40: 2026-02-13 13:10:40 [info] : [RECV] postGameEndAfter - MemberId: 939 - Params: { gameId: 47 }
2026-02-13 13:10:40: 2026-02-13 13:10:40 [info] : [RECV] postGameEndAfter - MemberId: 923 - Params: { gameId: 47 }
2026-02-13 13:10:40: 2026-02-13 13:10:40 [info] : [RECV] postGameEndAfter - MemberId: 925 - Params: { gameId: 47 }
2026-02-13 13:10:40: 2026-02-13 13:10:40 [info] : [RECV] postGameEndAfter - MemberId: 933 - Params: { gameId: 47 }
2026-02-13 13:10:40: 2026-02-13 13:10:40 [info] : [RECV] postGameEndAfter - MemberId: 935 - Params: { gameId: 47 }
2026-02-13 13:10:40: 2026-02-13 13:10:40 [info] : [RECV] postGameEndAfter - MemberId: 934 - Params: { gameId: 47 }
2026-02-13 13:10:40: 2026-02-13 13:10:40 [info] : [RECV] postGameEndAfter - MemberId: 931 - Params: { gameId: 47 }
2026-02-13 13:10:40: 2026-02-13 13:10:40 [info] : [RECV] postGameEndAfter - MemberId: 936 - Params: { gameId: 47 }
2026-02-13 13:10:40: 2026-02-13 13:10:40 [info] : [RECV] postGameEndAfter - MemberId: 927 - Params: { gameId: 47 }
2026-02-13 13:10:40: 2026-02-13 13:10:40 [info] : [RECV] postGameEndAfter - MemberId: 926 - Params: { gameId: 47 }
2026-02-13 13:10:40: 2026-02-13 13:10:40 [info] : [RECV] postGameEndAfter - MemberId: 932 - Params: { gameId: 47 }
2026-02-13 13:10:40: 2026-02-13 13:10:40 [info] : [RECV] postGameEndAfter - MemberId: 937 - Params: { gameId: 47 }
2026-02-13 13:10:40: 2026-02-13 13:10:40 [info] : [RECV] postGameEndAfter - MemberId: 928 - Params: { gameId: 47 }
2026-02-13 13:10:40: 2026-02-13 13:10:40 [info] : [RECV] postGameEndAfter - MemberId: 929 - Params: { gameId: 47 }
2026-02-13 13:10:40: 2026-02-13 13:10:40 [info] : [RECV] postGameEndAfter - MemberId: 930 - Params: { gameId: 47 }
2026-02-13 13:10:40: 2026-02-13 13:10:40 [info] : [RECV] postGameEndAfter - MemberId: 938 - Params: { gameId: 47 }
2026-02-13 13:10:40: 2026-02-13 13:10:40 [info] : [RECV] postGameEndAfter - MemberId: 252 - Params: { gameId: 13 }
2026-02-13 13:10:40: 2026-02-13 13:10:40 [info] : [RECV] postGameEndAfter - MemberId: 249 - Params: { gameId: 13 }
2026-02-13 13:10:40: 2026-02-13 13:10:40 [info] : [RECV] postGameEndAfter - MemberId: 244 - Params: { gameId: 13 }
2026-02-13 13:10:40: 2026-02-13 13:10:40 [info] : [RECV] postGameEndAfter - MemberId: 254 - Params: { gameId: 13 }
2026-02-13 13:10:40: 2026-02-13 13:10:40 [info] : [RECV] postGameEndAfter - MemberId: 243 - Params: { gameId: 13 }
2026-02-13 13:10:40: 2026-02-13 13:10:40 [info] : [RECV] postGameEndAfter - MemberId: 241 - Params: { gameId: 13 }
2026-02-13 13:10:40: 2026-02-13 13:10:40 [info] : [RECV] postGameEndAfter - MemberId: 245 - Params: { gameId: 13 }
2026-02-13 13:10:40: 2026-02-13 13:10:40 [info] : [RECV] postGameEndAfter - MemberId: 248 - Params: { gameId: 13 }
2026-02-13 13:10:40: 2026-02-13 13:10:40 [info] : [RECV] postGameEndAfter - MemberId: 256 - Params: { gameId: 13 }
2026-02-13 13:10:40: 2026-02-13 13:10:40 [info] : [RECV] postGameEndAfter - MemberId: 242 - Params: { gameId: 13 }
2026-02-13 13:10:40: 2026-02-13 13:10:40 [info] : [RECV] postGameEndAfter - MemberId: 246 - Params: { gameId: 13 }
2026-02-13 13:10:40: 2026-02-13 13:10:40 [info] : [RECV] postGameEndAfter - MemberId: 257 - Params: { gameId: 13 }
2026-02-13 13:10:40: 2026-02-13 13:10:40 [info] : [RECV] postGameEndAfter - MemberId: 247 - Params: { gameId: 13 }
2026-02-13 13:10:40: 2026-02-13 13:10:40 [info] : [RECV] postGameEndAfter - MemberId: 255 - Params: { gameId: 13 }
2026-02-13 13:10:40: 2026-02-13 13:10:40 [info] : [RECV] postGameEndAfter - MemberId: 253 - Params: { gameId: 13 }
2026-02-13 13:10:40: 2026-02-13 13:10:40 [info] : [RECV] postGameEndAfter - MemberId: 250 - Params: { gameId: 13 }
2026-02-13 13:10:40: 2026-02-13 13:10:40 [info] : [RECV] postGameEndAfter - MemberId: 251 - Params: { gameId: 13 }
2026-02-13 13:10:40: 2026-02-13 13:10:40 [info] : [RECV] postGameEndAfter - MemberId: 258 - Params: { gameId: 13 }
2026-02-13 13:10:40: 2026-02-13 13:10:40 [info] : [RECV] postGameEndAfter - MemberId: 259 - Params: { gameId: 13 }
2026-02-13 13:10:40: 2026-02-13 13:10:40 [info] : [RECV] postGameEndAfter - MemberId: 260 - Params: { gameId: 13 }
2026-02-13 13:10:40: 2026-02-13 13:10:40 [info] : [RECV] postGameEndAfter - MemberId: 387 - Params: { gameId: 20 }
2026-02-13 13:10:40: 2026-02-13 13:10:40 [info] : [RECV] postGameEndAfter - MemberId: 385 - Params: { gameId: 20 }
2026-02-13 13:10:40: 2026-02-13 13:10:40 [info] : [RECV] postGameEndAfter - MemberId: 394 - Params: { gameId: 20 }
2026-02-13 13:10:40: 2026-02-13 13:10:40 [info] : [RECV] postGameEndAfter - MemberId: 388 - Params: { gameId: 20 }
2026-02-13 13:10:40: 2026-02-13 13:10:40 [info] : [RECV] postGameEndAfter - MemberId: 386 - Params: { gameId: 20 }
2026-02-13 13:10:40: 2026-02-13 13:10:40 [info] : [RECV] postGameEndAfter - MemberId: 391 - Params: { gameId: 20 }
2026-02-13 13:10:40: 2026-02-13 13:10:40 [info] : [RECV] postGameEndAfter - MemberId: 393 - Params: { gameId: 20 }
2026-02-13 13:10:40: 2026-02-13 13:10:40 [info] : [RECV] postGameEndAfter - MemberId: 390 - Params: { gameId: 20 }
2026-02-13 13:10:40: 2026-02-13 13:10:40 [info] : [RECV] postGameEndAfter - MemberId: 389 - Params: { gameId: 20 }
2026-02-13 13:10:40: 2026-02-13 13:10:40 [info] : [RECV] postGameEndAfter - MemberId: 381 - Params: { gameId: 20 }
2026-02-13 13:10:40: 2026-02-13 13:10:40 [info] : [RECV] postGameEndAfter - MemberId: 392 - Params: { gameId: 20 }
2026-02-13 13:10:40: 2026-02-13 13:10:40 [info] : [RECV] postGameEndAfter - MemberId: 382 - Params: { gameId: 20 }
2026-02-13 13:10:40: 2026-02-13 13:10:40 [info] : [RECV] postGameEndAfter - MemberId: 383 - Params: { gameId: 20 }
2026-02-13 13:10:40: 2026-02-13 13:10:40 [info] : [RECV] postGameEndAfter - MemberId: 384 - Params: { gameId: 20 }
2026-02-13 13:10:40: 2026-02-13 13:10:40 [info] : [RECV] postGameEndAfter - MemberId: 396 - Params: { gameId: 20 }
2026-02-13 13:10:40: 2026-02-13 13:10:40 [info] : [RECV] postGameEndAfter - MemberId: 398 - Params: { gameId: 20 }
2026-02-13 13:10:40: 2026-02-13 13:10:40 [info] : [RECV] postGameEndAfter - MemberId: 400 - Params: { gameId: 20 }
2026-02-13 13:10:40: 2026-02-13 13:10:40 [info] : [RECV] postGameEndAfter - MemberId: 399 - Params: { gameId: 20 }
2026-02-13 13:10:40: 2026-02-13 13:10:40 [info] : [RECV] postGameEndAfter - MemberId: 395 - Params: { gameId: 20 }
2026-02-13 13:10:40: 2026-02-13 13:10:40 [info] : [RECV] postGameEndAfter - MemberId: 643 - Params: { gameId: 33 }
2026-02-13 13:10:40: 2026-02-13 13:10:40 [info] : [RECV] postGameEndAfter - MemberId: 645 - Params: { gameId: 33 }
2026-02-13 13:10:40: 2026-02-13 13:10:40 [info] : [RECV] postGameEndAfter - MemberId: 646 - Params: { gameId: 33 }
2026-02-13 13:10:40: 2026-02-13 13:10:40 [info] : [RECV] postGameEndAfter - MemberId: 647 - Params: { gameId: 33 }
2026-02-13 13:10:40: 2026-02-13 13:10:40 [info] : [RECV] postGameEndAfter - MemberId: 397 - Params: { gameId: 20 }
2026-02-13 13:10:40: 2026-02-13 13:10:40 [info] : [RECV] postGameEndAfter - MemberId: 642 - Params: { gameId: 33 }
2026-02-13 13:10:40: 2026-02-13 13:10:40 [info] : [RECV] postGameEndAfter - MemberId: 641 - Params: { gameId: 33 }
2026-02-13 13:10:40: 2026-02-13 13:10:40 [info] : [RECV] postGameEndAfter - MemberId: 651 - Params: { gameId: 33 }
2026-02-13 13:10:40: 2026-02-13 13:10:40 [info] : [RECV] postGameEndAfter - MemberId: 644 - Params: { gameId: 33 }
2026-02-13 13:10:40: 2026-02-13 13:10:40 [info] : [RECV] postGameEndAfter - MemberId: 648 - Params: { gameId: 33 }
2026-02-13 13:10:40: 2026-02-13 13:10:40 [info] : [RECV] postGameEndAfter - MemberId: 659 - Params: { gameId: 33 }
2026-02-13 13:10:40: 2026-02-13 13:10:40 [info] : [RECV] postGameEndAfter - MemberId: 660 - Params: { gameId: 33 }
2026-02-13 13:10:40: 2026-02-13 13:10:40 [info] : [RECV] postGameEndAfter - MemberId: 654 - Params: { gameId: 33 }
2026-02-13 13:10:40: 2026-02-13 13:10:40 [info] : [RECV] postGameEndAfter - MemberId: 658 - Params: { gameId: 33 }
2026-02-13 13:10:40: 2026-02-13 13:10:40 [info] : [RECV] postGameEndAfter - MemberId: 655 - Params: { gameId: 33 }
2026-02-13 13:10:40: 2026-02-13 13:10:40 [info] : [RECV] postGameEndAfter - MemberId: 657 - Params: { gameId: 33 }
2026-02-13 13:10:40: 2026-02-13 13:10:40 [info] : [RECV] postGameEndAfter - MemberId: 653 - Params: { gameId: 33 }
2026-02-13 13:10:40: 2026-02-13 13:10:40 [info] : [RECV] postGameEndAfter - MemberId: 650 - Params: { gameId: 33 }
2026-02-13 13:10:40: 2026-02-13 13:10:40 [info] : [RECV] postGameEndAfter - MemberId: 656 - Params: { gameId: 33 }
2026-02-13 13:10:40: 2026-02-13 13:10:40 [info] : [RECV] postGameEndAfter - MemberId: 652 - Params: { gameId: 33 }
2026-02-13 13:10:40: 2026-02-13 13:10:40 [info] : [RECV] postGameEndAfter - MemberId: 649 - Params: { gameId: 33 }
2026-02-13 13:10:40: 2026-02-13 13:10:40 [info] : [RECV] postGameEndAfter - MemberId: 546 - Params: { gameId: 28 }
2026-02-13 13:10:40: 2026-02-13 13:10:40 [info] : [RECV] postGameEndAfter - MemberId: 544 - Params: { gameId: 28 }
2026-02-13 13:10:40: 2026-02-13 13:10:40 [info] : [RECV] postGameEndAfter - MemberId: 542 - Params: { gameId: 28 }
2026-02-13 13:10:40: 2026-02-13 13:10:40 [info] : [RECV] postGameEndAfter - MemberId: 543 - Params: { gameId: 28 }
2026-02-13 13:10:40: 2026-02-13 13:10:40 [info] : [RECV] postGameEndAfter - MemberId: 541 - Params: { gameId: 28 }
2026-02-13 13:10:40: 2026-02-13 13:10:40 [info] : [RECV] postGameEndAfter - MemberId: 548 - Params: { gameId: 28 }
2026-02-13 13:10:40: 2026-02-13 13:10:40 [info] : [RECV] postGameEndAfter - MemberId: 545 - Params: { gameId: 28 }
2026-02-13 13:10:40: 2026-02-13 13:10:40 [info] : [RECV] postGameEndAfter - MemberId: 556 - Params: { gameId: 28 }
2026-02-13 13:10:40: 2026-02-13 13:10:40 [info] : [RECV] postGameEndAfter - MemberId: 550 - Params: { gameId: 28 }
2026-02-13 13:10:40: 2026-02-13 13:10:40 [info] : [RECV] postGameEndAfter - MemberId: 553 - Params: { gameId: 28 }
2026-02-13 13:10:40: 2026-02-13 13:10:40 [info] : [RECV] postGameEndAfter - MemberId: 560 - Params: { gameId: 28 }
2026-02-13 13:10:40: 2026-02-13 13:10:40 [info] : [RECV] postGameEndAfter - MemberId: 554 - Params: { gameId: 28 }
2026-02-13 13:10:40: 2026-02-13 13:10:40 [info] : [RECV] postGameEndAfter - MemberId: 551 - Params: { gameId: 28 }
2026-02-13 13:10:40: 2026-02-13 13:10:40 [info] : [RECV] postGameEndAfter - MemberId: 552 - Params: { gameId: 28 }
2026-02-13 13:10:40: 2026-02-13 13:10:40 [info] : [RECV] postGameEndAfter - MemberId: 555 - Params: { gameId: 28 }
2026-02-13 13:10:40: 2026-02-13 13:10:40 [info] : [RECV] postGameEndAfter - MemberId: 558 - Params: { gameId: 28 }
2026-02-13 13:10:40: 2026-02-13 13:10:40 [info] : [RECV] postGameEndAfter - MemberId: 559 - Params: { gameId: 28 }
2026-02-13 13:10:40: 2026-02-13 13:10:40 [info] : [RECV] postGameEndAfter - MemberId: 547 - Params: { gameId: 28 }
2026-02-13 13:10:40: 2026-02-13 13:10:40 [info] : [RECV] postGameEndAfter - MemberId: 557 - Params: { gameId: 28 }
2026-02-13 13:10:40: 2026-02-13 13:10:40 [info] : [RECV] postGameEndAfter - MemberId: 549 - Params: { gameId: 28 }
2026-02-13 13:10:40: 2026-02-13 13:10:40 [info] : [RECV] postGameEndAfter - MemberId: 595 - Params: { gameId: 30 }
2026-02-13 13:10:40: 2026-02-13 13:10:40 [info] : [RECV] postGameEndAfter - MemberId: 592 - Params: { gameId: 30 }
2026-02-13 13:10:40: 2026-02-13 13:10:40 [info] : [RECV] postGameEndAfter - MemberId: 591 - Params: { gameId: 30 }
2026-02-13 13:10:40: 2026-02-13 13:10:40 [info] : [RECV] postGameEndAfter - MemberId: 594 - Params: { gameId: 30 }
2026-02-13 13:10:40: 2026-02-13 13:10:40 [info] : [RECV] postGameEndAfter - MemberId: 589 - Params: { gameId: 30 }
2026-02-13 13:10:40: 2026-02-13 13:10:40 [info] : [RECV] postGameEndAfter - MemberId: 596 - Params: { gameId: 30 }
2026-02-13 13:10:40: 2026-02-13 13:10:40 [info] : [RECV] postGameEndAfter - MemberId: 600 - Params: { gameId: 30 }
2026-02-13 13:10:40: 2026-02-13 13:10:40 [info] : [RECV] postGameEndAfter - MemberId: 593 - Params: { gameId: 30 }
2026-02-13 13:10:40: 2026-02-13 13:10:40 [info] : [RECV] postGameEndAfter - MemberId: 581 - Params: { gameId: 30 }
2026-02-13 13:10:40: 2026-02-13 13:10:40 [info] : [RECV] postGameEndAfter - MemberId: 586 - Params: { gameId: 30 }
2026-02-13 13:10:40: 2026-02-13 13:10:40 [info] : [RECV] postGameEndAfter - MemberId: 598 - Params: { gameId: 30 }
2026-02-13 13:10:40: 2026-02-13 13:10:40 [info] : [RECV] postGameEndAfter - MemberId: 584 - Params: { gameId: 30 }
2026-02-13 13:10:40: 2026-02-13 13:10:40 [info] : [RECV] postGameEndAfter - MemberId: 590 - Params: { gameId: 30 }
2026-02-13 13:10:40: 2026-02-13 13:10:40 [info] : [RECV] postGameEndAfter - MemberId: 597 - Params: { gameId: 30 }
2026-02-13 13:10:40: 2026-02-13 13:10:40 [info] : [RECV] postGameEndAfter - MemberId: 588 - Params: { gameId: 30 }
2026-02-13 13:10:40: 2026-02-13 13:10:40 [info] : [RECV] postGameEndAfter - MemberId: 582 - Params: { gameId: 30 }
2026-02-13 13:10:40: 2026-02-13 13:10:40 [info] : [RECV] postGameEndAfter - MemberId: 585 - Params: { gameId: 30 }
2026-02-13 13:10:40: 2026-02-13 13:10:40 [info] : [RECV] postGameEndAfter - MemberId: 583 - Params: { gameId: 30 }
2026-02-13 13:10:40: 2026-02-13 13:10:40 [info] : [RECV] postGameEndAfter - MemberId: 599 - Params: { gameId: 30 }
2026-02-13 13:10:40: 2026-02-13 13:10:40 [info] : [RECV] postGameEndAfter - MemberId: 587 - Params: { gameId: 30 }
2026-02-13 13:10:40: 2026-02-13 13:10:40 [info] : [RECV] postGameEndAfter - MemberId: 910 - Params: { gameId: 46 }
2026-02-13 13:10:40: 2026-02-13 13:10:40 [info] : [RECV] postGameEndAfter - MemberId: 909 - Params: { gameId: 46 }
2026-02-13 13:10:40: 2026-02-13 13:10:40 [info] : [RECV] postGameEndAfter - MemberId: 913 - Params: { gameId: 46 }
2026-02-13 13:10:40: 2026-02-13 13:10:40 [info] : [RECV] postGameEndAfter - MemberId: 905 - Params: { gameId: 46 }
2026-02-13 13:10:40: 2026-02-13 13:10:40 [info] : [RECV] postGameEndAfter - MemberId: 914 - Params: { gameId: 46 }
2026-02-13 13:10:40: 2026-02-13 13:10:40 [info] : [RECV] postGameEndAfter - MemberId: 915 - Params: { gameId: 46 }
2026-02-13 13:10:40: 2026-02-13 13:10:40 [info] : [RECV] postGameEndAfter - MemberId: 920 - Params: { gameId: 46 }
2026-02-13 13:10:40: 2026-02-13 13:10:40 [info] : [RECV] postGameEndAfter - MemberId: 917 - Params: { gameId: 46 }
2026-02-13 13:10:40: 2026-02-13 13:10:40 [info] : [RECV] postGameEndAfter - MemberId: 906 - Params: { gameId: 46 }
2026-02-13 13:10:40: 2026-02-13 13:10:40 [info] : [RECV] postGameEndAfter - MemberId: 912 - Params: { gameId: 46 }
2026-02-13 13:10:40: 2026-02-13 13:10:40 [info] : [RECV] postGameEndAfter - MemberId: 916 - Params: { gameId: 46 }
2026-02-13 13:10:40: 2026-02-13 13:10:40 [info] : [RECV] postGameEndAfter - MemberId: 901 - Params: { gameId: 46 }
2026-02-13 13:10:40: 2026-02-13 13:10:40 [info] : [RECV] postGameEndAfter - MemberId: 902 - Params: { gameId: 46 }
2026-02-13 13:10:40: 2026-02-13 13:10:40 [info] : [RECV] postGameEndAfter - MemberId: 918 - Params: { gameId: 46 }
2026-02-13 13:10:40: 2026-02-13 13:10:40 [info] : [RECV] postGameEndAfter - MemberId: 903 - Params: { gameId: 46 }
2026-02-13 13:10:40: 2026-02-13 13:10:40 [info] : [RECV] postGameEndAfter - MemberId: 904 - Params: { gameId: 46 }
2026-02-13 13:10:40: 2026-02-13 13:10:40 [info] : [RECV] postGameEndAfter - MemberId: 911 - Params: { gameId: 46 }
2026-02-13 13:10:40: 2026-02-13 13:10:40 [info] : [RECV] postGameEndAfter - MemberId: 907 - Params: { gameId: 46 }
2026-02-13 13:10:40: 2026-02-13 13:10:40 [info] : [RECV] postGameEndAfter - MemberId: 908 - Params: { gameId: 46 }
2026-02-13 13:10:40: 2026-02-13 13:10:40 [info] : [RECV] postGameEndAfter - MemberId: 919 - Params: { gameId: 46 }
2026-02-13 13:10:40: 2026-02-13 13:10:40 [info] : [RECV] postGameEndAfter - MemberId: 895 - Params: { gameId: 45 }
2026-02-13 13:10:40: 2026-02-13 13:10:40 [info] : [RECV] postGameEndAfter - MemberId: 457 - Params: { gameId: 23 }
2026-02-13 13:10:40: 2026-02-13 13:10:40 [info] : [RECV] postGameEndAfter - MemberId: 894 - Params: { gameId: 45 }
2026-02-13 13:10:40: 2026-02-13 13:10:40 [info] : [RECV] postGameEndAfter - MemberId: 881 - Params: { gameId: 45 }
2026-02-13 13:10:40: 2026-02-13 13:10:40 [info] : [RECV] postGameEndAfter - MemberId: 447 - Params: { gameId: 23 }
2026-02-13 13:10:40: 2026-02-13 13:10:40 [info] : [RECV] postGameEndAfter - MemberId: 451 - Params: { gameId: 23 }
2026-02-13 13:10:40: 2026-02-13 13:10:40 [info] : [RECV] postGameEndAfter - MemberId: 445 - Params: { gameId: 23 }
2026-02-13 13:10:40: 2026-02-13 13:10:40 [info] : [RECV] postGameEndAfter - MemberId: 448 - Params: { gameId: 23 }
2026-02-13 13:10:40: 2026-02-13 13:10:40 [info] : [RECV] postGameEndAfter - MemberId: 453 - Params: { gameId: 23 }
2026-02-13 13:10:40: 2026-02-13 13:10:40 [info] : [RECV] postGameEndAfter - MemberId: 456 - Params: { gameId: 23 }
2026-02-13 13:10:40: 2026-02-13 13:10:40 [info] : [RECV] postGameEndAfter - MemberId: 887 - Params: { gameId: 45 }
2026-02-13 13:10:40: 2026-02-13 13:10:40 [info] : [RECV] postGameEndAfter - MemberId: 454 - Params: { gameId: 23 }
2026-02-13 13:10:40: 2026-02-13 13:10:40 [info] : [RECV] postGameEndAfter - MemberId: 442 - Params: { gameId: 23 }
2026-02-13 13:10:40: 2026-02-13 13:10:40 [info] : [RECV] postGameEndAfter - MemberId: 891 - Params: { gameId: 45 }
2026-02-13 13:10:40: 2026-02-13 13:10:40 [info] : [RECV] postGameEndAfter - MemberId: 889 - Params: { gameId: 45 }
2026-02-13 13:10:40: 2026-02-13 13:10:40 [info] : [RECV] postGameEndAfter - MemberId: 450 - Params: { gameId: 23 }
2026-02-13 13:10:40: 2026-02-13 13:10:40 [info] : [RECV] postGameEndAfter - MemberId: 441 - Params: { gameId: 23 }
2026-02-13 13:10:40: 2026-02-13 13:10:40 [info] : [RECV] postGameEndAfter - MemberId: 458 - Params: { gameId: 23 }
2026-02-13 13:10:40: 2026-02-13 13:10:40 [info] : [RECV] postGameEndAfter - MemberId: 882 - Params: { gameId: 45 }
2026-02-13 13:10:40: 2026-02-13 13:10:40 [info] : [RECV] postGameEndAfter - MemberId: 898 - Params: { gameId: 45 }
2026-02-13 13:10:40: 2026-02-13 13:10:40 [info] : [RECV] postGameEndAfter - MemberId: 899 - Params: { gameId: 45 }
2026-02-13 13:10:40: 2026-02-13 13:10:40 [info] : [RECV] postGameEndAfter - MemberId: 449 - Params: { gameId: 23 }
2026-02-13 13:10:40: 2026-02-13 13:10:40 [info] : [RECV] postGameEndAfter - MemberId: 888 - Params: { gameId: 45 }
2026-02-13 13:10:40: 2026-02-13 13:10:40 [info] : [RECV] postGameEndAfter - MemberId: 460 - Params: { gameId: 23 }
2026-02-13 13:10:40: 2026-02-13 13:10:40 [info] : [RECV] postGameEndAfter - MemberId: 446 - Params: { gameId: 23 }
2026-02-13 13:10:40: 2026-02-13 13:10:40 [info] : [RECV] postGameEndAfter - MemberId: 883 - Params: { gameId: 45 }
2026-02-13 13:10:40: 2026-02-13 13:10:40 [info] : [RECV] postGameEndAfter - MemberId: 893 - Params: { gameId: 45 }
2026-02-13 13:10:40: 2026-02-13 13:10:40 [info] : [RECV] postGameEndAfter - MemberId: 890 - Params: { gameId: 45 }
2026-02-13 13:10:40: 2026-02-13 13:10:40 [info] : [RECV] postGameEndAfter - MemberId: 892 - Params: { gameId: 45 }
2026-02-13 13:10:40: 2026-02-13 13:10:40 [info] : [RECV] postGameEndAfter - MemberId: 444 - Params: { gameId: 23 }
2026-02-13 13:10:40: 2026-02-13 13:10:40 [info] : [RECV] postGameEndAfter - MemberId: 459 - Params: { gameId: 23 }
2026-02-13 13:10:40: 2026-02-13 13:10:40 [info] : [RECV] postGameEndAfter - MemberId: 443 - Params: { gameId: 23 }
2026-02-13 13:10:40: 2026-02-13 13:10:40 [info] : [RECV] postGameEndAfter - MemberId: 886 - Params: { gameId: 45 }
2026-02-13 13:10:40: 2026-02-13 13:10:40 [info] : [RECV] postGameEndAfter - MemberId: 885 - Params: { gameId: 45 }
2026-02-13 13:10:40: 2026-02-13 13:10:40 [info] : [RECV] postGameEndAfter - MemberId: 900 - Params: { gameId: 45 }
2026-02-13 13:10:40: 2026-02-13 13:10:40 [info] : [RECV] postGameEndAfter - MemberId: 884 - Params: { gameId: 45 }
2026-02-13 13:10:40: 2026-02-13 13:10:40 [info] : [RECV] postGameEndAfter - MemberId: 896 - Params: { gameId: 45 }
2026-02-13 13:10:40: 2026-02-13 13:10:40 [info] : [RECV] postGameEndAfter - MemberId: 452 - Params: { gameId: 23 }
2026-02-13 13:10:40: 2026-02-13 13:10:40 [info] : [RECV] postGameEndAfter - MemberId: 897 - Params: { gameId: 45 }
2026-02-13 13:10:40: 2026-02-13 13:10:40 [info] : [RECV] postGameEndAfter - MemberId: 455 - Params: { gameId: 23 }
2026-02-13 13:10:40: 2026-02-13 13:10:40 [info] : [RECV] postGameEndAfter - MemberId: 682 - Params: { gameId: 35 }
2026-02-13 13:10:40: 2026-02-13 13:10:40 [info] : [RECV] postGameEndAfter - MemberId: 681 - Params: { gameId: 35 }
2026-02-13 13:10:40: 2026-02-13 13:10:40 [info] : [RECV] postGameEndAfter - MemberId: 683 - Params: { gameId: 35 }
2026-02-13 13:10:40: 2026-02-13 13:10:40 [info] : [RECV] postGameEndAfter - MemberId: 686 - Params: { gameId: 35 }
2026-02-13 13:10:40: 2026-02-13 13:10:40 [info] : [RECV] postGameEndAfter - MemberId: 691 - Params: { gameId: 35 }
2026-02-13 13:10:40: 2026-02-13 13:10:40 [info] : [RECV] postGameEndAfter - MemberId: 688 - Params: { gameId: 35 }
2026-02-13 13:10:40: 2026-02-13 13:10:40 [info] : [RECV] postGameEndAfter - MemberId: 699 - Params: { gameId: 35 }
2026-02-13 13:10:40: 2026-02-13 13:10:40 [info] : [RECV] postGameEndAfter - MemberId: 687 - Params: { gameId: 35 }
2026-02-13 13:10:40: 2026-02-13 13:10:40 [info] : [RECV] postGameEndAfter - MemberId: 698 - Params: { gameId: 35 }
2026-02-13 13:10:40: 2026-02-13 13:10:40 [info] : [RECV] postGameEndAfter - MemberId: 692 - Params: { gameId: 35 }
2026-02-13 13:10:40: 2026-02-13 13:10:40 [info] : [RECV] postGameEndAfter - MemberId: 693 - Params: { gameId: 35 }
2026-02-13 13:10:40: 2026-02-13 13:10:40 [info] : [RECV] postGameEndAfter - MemberId: 696 - Params: { gameId: 35 }
2026-02-13 13:10:40: 2026-02-13 13:10:40 [info] : [RECV] postGameEndAfter - MemberId: 689 - Params: { gameId: 35 }
2026-02-13 13:10:40: 2026-02-13 13:10:40 [info] : [RECV] postGameEndAfter - MemberId: 695 - Params: { gameId: 35 }
2026-02-13 13:10:40: 2026-02-13 13:10:40 [info] : [RECV] postGameEndAfter - MemberId: 697 - Params: { gameId: 35 }
2026-02-13 13:10:40: 2026-02-13 13:10:40 [info] : [RECV] postGameEndAfter - MemberId: 700 - Params: { gameId: 35 }
2026-02-13 13:10:40: 2026-02-13 13:10:40 [info] : [RECV] postGameEndAfter - MemberId: 690 - Params: { gameId: 35 }
2026-02-13 13:10:40: 2026-02-13 13:10:40 [info] : [RECV] postGameEndAfter - MemberId: 685 - Params: { gameId: 35 }
2026-02-13 13:10:40: 2026-02-13 13:10:40 [info] : [RECV] postGameEndAfter - MemberId: 684 - Params: { gameId: 35 }
2026-02-13 13:10:40: 2026-02-13 13:10:40 [info] : [RECV] postGameEndAfter - MemberId: 694 - Params: { gameId: 35 }
2026-02-13 13:10:40: 2026-02-13 13:10:40 [info] : [RECV] postGameEndAfter - MemberId: 428 - Params: { gameId: 22 }
2026-02-13 13:10:40: 2026-02-13 13:10:40 [info] : [RECV] postGameEndAfter - MemberId: 431 - Params: { gameId: 22 }
2026-02-13 13:10:40: 2026-02-13 13:10:40 [info] : [RECV] postGameEndAfter - MemberId: 436 - Params: { gameId: 22 }
2026-02-13 13:10:40: 2026-02-13 13:10:40 [info] : [RECV] postGameEndAfter - MemberId: 438 - Params: { gameId: 22 }
2026-02-13 13:10:40: 2026-02-13 13:10:40 [info] : [RECV] postGameEndAfter - MemberId: 440 - Params: { gameId: 22 }
2026-02-13 13:10:40: 2026-02-13 13:10:40 [info] : [RECV] postGameEndAfter - MemberId: 426 - Params: { gameId: 22 }
2026-02-13 13:10:40: 2026-02-13 13:10:40 [info] : [RECV] postGameEndAfter - MemberId: 437 - Params: { gameId: 22 }
2026-02-13 13:10:40: 2026-02-13 13:10:40 [info] : [RECV] postGameEndAfter - MemberId: 439 - Params: { gameId: 22 }
2026-02-13 13:10:40: 2026-02-13 13:10:40 [info] : [RECV] postGameEndAfter - MemberId: 434 - Params: { gameId: 22 }
2026-02-13 13:10:40: 2026-02-13 13:10:40 [info] : [RECV] postGameEndAfter - MemberId: 422 - Params: { gameId: 22 }
2026-02-13 13:10:40: 2026-02-13 13:10:40 [info] : [RECV] postGameEndAfter - MemberId: 421 - Params: { gameId: 22 }
2026-02-13 13:10:40: 2026-02-13 13:10:40 [info] : [RECV] postGameEndAfter - MemberId: 435 - Params: { gameId: 22 }
2026-02-13 13:10:40: 2026-02-13 13:10:40 [info] : [RECV] postGameEndAfter - MemberId: 425 - Params: { gameId: 22 }
2026-02-13 13:10:40: 2026-02-13 13:10:40 [info] : [RECV] postGameEndAfter - MemberId: 427 - Params: { gameId: 22 }
2026-02-13 13:10:40: 2026-02-13 13:10:40 [info] : [RECV] postGameEndAfter - MemberId: 424 - Params: { gameId: 22 }
2026-02-13 13:10:40: 2026-02-13 13:10:40 [info] : [RECV] postGameEndAfter - MemberId: 430 - Params: { gameId: 22 }
2026-02-13 13:10:40: 2026-02-13 13:10:40 [info] : [RECV] postGameEndAfter - MemberId: 432 - Params: { gameId: 22 }
2026-02-13 13:10:40: 2026-02-13 13:10:40 [info] : [RECV] postGameEndAfter - MemberId: 429 - Params: { gameId: 22 }
2026-02-13 13:10:40: 2026-02-13 13:10:40 [info] : [RECV] postGameEndAfter - MemberId: 433 - Params: { gameId: 22 }
2026-02-13 13:10:40: 2026-02-13 13:10:40 [info] : [RECV] postGameEndAfter - MemberId: 423 - Params: { gameId: 22 }
2026-02-13 13:10:40: 2026-02-13 13:10:40 [info] : [RECV] postGameEndAfter - MemberId: 720 - Params: { gameId: 36 }
2026-02-13 13:10:40: 2026-02-13 13:10:40 [info] : [RECV] postGameEndAfter - MemberId: 718 - Params: { gameId: 36 }
2026-02-13 13:10:40: 2026-02-13 13:10:40 [info] : [RECV] postGameEndAfter - MemberId: 708 - Params: { gameId: 36 }
2026-02-13 13:10:40: 2026-02-13 13:10:40 [info] : [RECV] postGameEndAfter - MemberId: 704 - Params: { gameId: 36 }
2026-02-13 13:10:40: 2026-02-13 13:10:40 [info] : [RECV] postGameEndAfter - MemberId: 709 - Params: { gameId: 36 }
2026-02-13 13:10:40: 2026-02-13 13:10:40 [info] : [RECV] postGameEndAfter - MemberId: 702 - Params: { gameId: 36 }
2026-02-13 13:10:40: 2026-02-13 13:10:40 [info] : [RECV] postGameEndAfter - MemberId: 712 - Params: { gameId: 36 }
2026-02-13 13:10:40: 2026-02-13 13:10:40 [info] : [RECV] postGameEndAfter - MemberId: 714 - Params: { gameId: 36 }
2026-02-13 13:10:40: 2026-02-13 13:10:40 [info] : [RECV] postGameEndAfter - MemberId: 719 - Params: { gameId: 36 }
2026-02-13 13:10:40: 2026-02-13 13:10:40 [info] : [RECV] postGameEndAfter - MemberId: 711 - Params: { gameId: 36 }
2026-02-13 13:10:40: 2026-02-13 13:10:40 [info] : [RECV] postGameEndAfter - MemberId: 706 - Params: { gameId: 36 }
2026-02-13 13:10:40: 2026-02-13 13:10:40 [info] : [RECV] postGameEndAfter - MemberId: 707 - Params: { gameId: 36 }
2026-02-13 13:10:40: 2026-02-13 13:10:40 [info] : [RECV] postGameEndAfter - MemberId: 703 - Params: { gameId: 36 }
2026-02-13 13:10:40: 2026-02-13 13:10:40 [info] : [RECV] postGameEndAfter - MemberId: 717 - Params: { gameId: 36 }
2026-02-13 13:10:40: 2026-02-13 13:10:40 [info] : [RECV] postGameEndAfter - MemberId: 710 - Params: { gameId: 36 }
2026-02-13 13:10:40: 2026-02-13 13:10:40 [info] : [RECV] postGameEndAfter - MemberId: 701 - Params: { gameId: 36 }
2026-02-13 13:10:40: 2026-02-13 13:10:40 [info] : [RECV] postGameEndAfter - MemberId: 715 - Params: { gameId: 36 }
2026-02-13 13:10:40: 2026-02-13 13:10:40 [info] : [RECV] postGameEndAfter - MemberId: 716 - Params: { gameId: 36 }
2026-02-13 13:10:40: 2026-02-13 13:10:40 [info] : [RECV] postGameEndAfter - MemberId: 705 - Params: { gameId: 36 }
2026-02-13 13:10:40: 2026-02-13 13:10:40 [info] : [RECV] postGameEndAfter - MemberId: 713 - Params: { gameId: 36 }
2026-02-13 13:10:40: 2026-02-13 13:10:40 [info] : [RECV] postGameEndAfter - MemberId: 614 - Params: { gameId: 31 }
2026-02-13 13:10:40: 2026-02-13 13:10:40 [info] : [RECV] postGameEndAfter - MemberId: 620 - Params: { gameId: 31 }
2026-02-13 13:10:40: 2026-02-13 13:10:40 [info] : [RECV] postGameEndAfter - MemberId: 619 - Params: { gameId: 31 }
2026-02-13 13:10:40: 2026-02-13 13:10:40 [info] : [RECV] postGameEndAfter - MemberId: 612 - Params: { gameId: 31 }
2026-02-13 13:10:40: 2026-02-13 13:10:40 [info] : [RECV] postGameEndAfter - MemberId: 602 - Params: { gameId: 31 }
2026-02-13 13:10:40: 2026-02-13 13:10:40 [info] : [RECV] postGameEndAfter - MemberId: 618 - Params: { gameId: 31 }
2026-02-13 13:10:40: 2026-02-13 13:10:40 [info] : [RECV] postGameEndAfter - MemberId: 607 - Params: { gameId: 31 }
2026-02-13 13:10:40: 2026-02-13 13:10:40 [info] : [RECV] postGameEndAfter - MemberId: 601 - Params: { gameId: 31 }
2026-02-13 13:10:40: 2026-02-13 13:10:40 [info] : [RECV] postGameEndAfter - MemberId: 606 - Params: { gameId: 31 }
2026-02-13 13:10:40: 2026-02-13 13:10:40 [info] : [RECV] postGameEndAfter - MemberId: 616 - Params: { gameId: 31 }
2026-02-13 13:10:40: 2026-02-13 13:10:40 [info] : [RECV] postGameEndAfter - MemberId: 608 - Params: { gameId: 31 }
2026-02-13 13:10:40: 2026-02-13 13:10:40 [info] : [RECV] postGameEndAfter - MemberId: 609 - Params: { gameId: 31 }
2026-02-13 13:10:40: 2026-02-13 13:10:40 [info] : [RECV] postGameEndAfter - MemberId: 611 - Params: { gameId: 31 }
2026-02-13 13:10:40: 2026-02-13 13:10:40 [info] : [RECV] postGameEndAfter - MemberId: 605 - Params: { gameId: 31 }
2026-02-13 13:10:40: 2026-02-13 13:10:40 [info] : [RECV] postGameEndAfter - MemberId: 613 - Params: { gameId: 31 }
2026-02-13 13:10:40: 2026-02-13 13:10:40 [info] : [RECV] postGameEndAfter - MemberId: 617 - Params: { gameId: 31 }
2026-02-13 13:10:40: 2026-02-13 13:10:40 [info] : [RECV] postGameEndAfter - MemberId: 603 - Params: { gameId: 31 }
2026-02-13 13:10:40: 2026-02-13 13:10:40 [info] : [RECV] postGameEndAfter - MemberId: 604 - Params: { gameId: 31 }
2026-02-13 13:10:40: 2026-02-13 13:10:40 [info] : [RECV] postGameEndAfter - MemberId: 610 - Params: { gameId: 31 }
2026-02-13 13:10:40: 2026-02-13 13:10:40 [info] : [RECV] postGameEndAfter - MemberId: 615 - Params: { gameId: 31 }
2026-02-13 13:10:40: 2026-02-13 13:10:40 [info] : [RECV] postGameEndAfter - MemberId: 675 - Params: { gameId: 34 }
2026-02-13 13:10:40: 2026-02-13 13:10:40 [info] : [RECV] postGameEndAfter - MemberId: 669 - Params: { gameId: 34 }
2026-02-13 13:10:40: 2026-02-13 13:10:40 [info] : [RECV] postGameEndAfter - MemberId: 664 - Params: { gameId: 34 }
2026-02-13 13:10:40: 2026-02-13 13:10:40 [info] : [RECV] postGameEndAfter - MemberId: 676 - Params: { gameId: 34 }
2026-02-13 13:10:40: 2026-02-13 13:10:40 [info] : [RECV] postGameEndAfter - MemberId: 671 - Params: { gameId: 34 }
2026-02-13 13:10:40: 2026-02-13 13:10:40 [info] : [RECV] postGameEndAfter - MemberId: 674 - Params: { gameId: 34 }
2026-02-13 13:10:40: 2026-02-13 13:10:40 [info] : [RECV] postGameEndAfter - MemberId: 670 - Params: { gameId: 34 }
2026-02-13 13:10:40: 2026-02-13 13:10:40 [info] : [RECV] postGameEndAfter - MemberId: 668 - Params: { gameId: 34 }
2026-02-13 13:10:40: 2026-02-13 13:10:40 [info] : [RECV] postGameEndAfter - MemberId: 672 - Params: { gameId: 34 }
2026-02-13 13:10:40: 2026-02-13 13:10:40 [info] : [RECV] postGameEndAfter - MemberId: 677 - Params: { gameId: 34 }
2026-02-13 13:10:40: 2026-02-13 13:10:40 [info] : [RECV] postGameEndAfter - MemberId: 673 - Params: { gameId: 34 }
2026-02-13 13:10:40: 2026-02-13 13:10:40 [info] : [RECV] postGameEndAfter - MemberId: 662 - Params: { gameId: 34 }
2026-02-13 13:10:40: 2026-02-13 13:10:40 [info] : [RECV] postGameEndAfter - MemberId: 666 - Params: { gameId: 34 }
2026-02-13 13:10:40: 2026-02-13 13:10:40 [info] : [RECV] postGameEndAfter - MemberId: 678 - Params: { gameId: 34 }
2026-02-13 13:10:40: 2026-02-13 13:10:40 [info] : [RECV] postGameEndAfter - MemberId: 661 - Params: { gameId: 34 }
2026-02-13 13:10:40: 2026-02-13 13:10:40 [info] : [RECV] postGameEndAfter - MemberId: 663 - Params: { gameId: 34 }
2026-02-13 13:10:40: 2026-02-13 13:10:40 [info] : [RECV] postGameEndAfter - MemberId: 680 - Params: { gameId: 34 }
2026-02-13 13:10:40: 2026-02-13 13:10:40 [info] : [RECV] postGameEndAfter - MemberId: 667 - Params: { gameId: 34 }
2026-02-13 13:10:40: 2026-02-13 13:10:40 [info] : [RECV] postGameEndAfter - MemberId: 679 - Params: { gameId: 34 }
2026-02-13 13:10:40: 2026-02-13 13:10:40 [info] : [RECV] postGameEndAfter - MemberId: 665 - Params: { gameId: 34 }
2026-02-13 13:10:40: 2026-02-13 13:10:40 [info] : [RECV] postGameEndAfter - MemberId: 464 - Params: { gameId: 24 }
2026-02-13 13:10:40: 2026-02-13 13:10:40 [info] : [RECV] postGameEndAfter - MemberId: 468 - Params: { gameId: 24 }
2026-02-13 13:10:40: 2026-02-13 13:10:40 [info] : [RECV] postGameEndAfter - MemberId: 480 - Params: { gameId: 24 }
2026-02-13 13:10:40: 2026-02-13 13:10:40 [info] : [RECV] postGameEndAfter - MemberId: 467 - Params: { gameId: 24 }
2026-02-13 13:10:40: 2026-02-13 13:10:40 [info] : [RECV] postGameEndAfter - MemberId: 466 - Params: { gameId: 24 }
2026-02-13 13:10:40: 2026-02-13 13:10:40 [info] : [RECV] postGameEndAfter - MemberId: 473 - Params: { gameId: 24 }
2026-02-13 13:10:40: 2026-02-13 13:10:40 [info] : [RECV] postGameEndAfter - MemberId: 462 - Params: { gameId: 24 }
2026-02-13 13:10:40: 2026-02-13 13:10:40 [info] : [RECV] postGameEndAfter - MemberId: 463 - Params: { gameId: 24 }
2026-02-13 13:10:40: 2026-02-13 13:10:40 [info] : [RECV] postGameEndAfter - MemberId: 472 - Params: { gameId: 24 }
2026-02-13 13:10:40: 2026-02-13 13:10:40 [info] : [RECV] postGameEndAfter - MemberId: 474 - Params: { gameId: 24 }
2026-02-13 13:10:40: 2026-02-13 13:10:40 [info] : [RECV] postGameEndAfter - MemberId: 470 - Params: { gameId: 24 }
2026-02-13 13:10:40: 2026-02-13 13:10:40 [info] : [RECV] postGameEndAfter - MemberId: 478 - Params: { gameId: 24 }
2026-02-13 13:10:40: 2026-02-13 13:10:40 [info] : [RECV] postGameEndAfter - MemberId: 465 - Params: { gameId: 24 }
2026-02-13 13:10:40: 2026-02-13 13:10:40 [info] : [RECV] postGameEndAfter - MemberId: 469 - Params: { gameId: 24 }
2026-02-13 13:10:40: 2026-02-13 13:10:40 [info] : [RECV] postGameEndAfter - MemberId: 479 - Params: { gameId: 24 }
2026-02-13 13:10:40: 2026-02-13 13:10:40 [info] : [RECV] postGameEndAfter - MemberId: 475 - Params: { gameId: 24 }
2026-02-13 13:10:40: 2026-02-13 13:10:40 [info] : [RECV] postGameEndAfter - MemberId: 476 - Params: { gameId: 24 }
2026-02-13 13:10:40: 2026-02-13 13:10:40 [info] : [RECV] postGameEndAfter - MemberId: 471 - Params: { gameId: 24 }
2026-02-13 13:10:40: 2026-02-13 13:10:40 [info] : [RECV] postGameEndAfter - MemberId: 461 - Params: { gameId: 24 }
2026-02-13 13:10:40: 2026-02-13 13:10:40 [info] : [RECV] postGameEndAfter - MemberId: 477 - Params: { gameId: 24 }
2026-02-13 13:10:40: 2026-02-13 13:10:40 [info] : [RECV] postGameEndAfter - MemberId: 877 - Params: { gameId: 44 }
2026-02-13 13:10:40: 2026-02-13 13:10:40 [info] : [RECV] postGameEndAfter - MemberId: 864 - Params: { gameId: 44 }
2026-02-13 13:10:40: 2026-02-13 13:10:40 [info] : [RECV] postGameEndAfter - MemberId: 869 - Params: { gameId: 44 }
2026-02-13 13:10:40: 2026-02-13 13:10:40 [info] : [RECV] postGameEndAfter - MemberId: 878 - Params: { gameId: 44 }
2026-02-13 13:10:40: 2026-02-13 13:10:40 [info] : [RECV] postGameEndAfter - MemberId: 865 - Params: { gameId: 44 }
2026-02-13 13:10:40: 2026-02-13 13:10:40 [info] : [RECV] postGameEndAfter - MemberId: 870 - Params: { gameId: 44 }
2026-02-13 13:10:40: 2026-02-13 13:10:40 [info] : [RECV] postGameEndAfter - MemberId: 868 - Params: { gameId: 44 }
2026-02-13 13:10:40: 2026-02-13 13:10:40 [info] : [RECV] postGameEndAfter - MemberId: 867 - Params: { gameId: 44 }
2026-02-13 13:10:40: 2026-02-13 13:10:40 [info] : [RECV] postGameEndAfter - MemberId: 863 - Params: { gameId: 44 }
2026-02-13 13:10:40: 2026-02-13 13:10:40 [info] : [RECV] postGameEndAfter - MemberId: 879 - Params: { gameId: 44 }
2026-02-13 13:10:40: 2026-02-13 13:10:40 [info] : [RECV] postGameEndAfter - MemberId: 880 - Params: { gameId: 44 }
2026-02-13 13:10:40: 2026-02-13 13:10:40 [info] : [RECV] postGameEndAfter - MemberId: 876 - Params: { gameId: 44 }
2026-02-13 13:10:40: 2026-02-13 13:10:40 [info] : [RECV] postGameEndAfter - MemberId: 874 - Params: { gameId: 44 }
2026-02-13 13:10:40: 2026-02-13 13:10:40 [info] : [RECV] postGameEndAfter - MemberId: 875 - Params: { gameId: 44 }
2026-02-13 13:10:40: 2026-02-13 13:10:40 [info] : [RECV] postGameEndAfter - MemberId: 872 - Params: { gameId: 44 }
2026-02-13 13:10:40: 2026-02-13 13:10:40 [info] : [RECV] postGameEndAfter - MemberId: 873 - Params: { gameId: 44 }
2026-02-13 13:10:40: 2026-02-13 13:10:40 [info] : [RECV] postGameEndAfter - MemberId: 861 - Params: { gameId: 44 }
2026-02-13 13:10:40: 2026-02-13 13:10:40 [info] : [RECV] postGameEndAfter - MemberId: 871 - Params: { gameId: 44 }
2026-02-13 13:10:40: 2026-02-13 13:10:40 [info] : [RECV] postGameEndAfter - MemberId: 862 - Params: { gameId: 44 }
2026-02-13 13:10:40: 2026-02-13 13:10:40 [info] : [RECV] postGameEndAfter - MemberId: 866 - Params: { gameId: 44 }
2026-02-13 13:11:39: 2026-02-13 13:11:39 [info] : [EXEC] ExpiredChannel - Args: [ 'room:game:end:4', [Commander], [Namespace], [Namespace], [Namespace] ]
2026-02-13 13:11:39: 2026-02-13 13:11:39 [info] : [ExpiredChannel] Received expired key: room:game:end:4
2026-02-13 13:11:39: 2026-02-13 13:11:39 [info] : [EXEC] ExpiredChannel - Args: [ 'room:game:end:4', [Commander], [Namespace], [Namespace], [Namespace] ]
2026-02-13 13:11:39: 2026-02-13 13:11:39 [info] : [ExpiredChannel] Received expired key: room:game:end:4
2026-02-13 13:11:39: 2026-02-13 13:11:39 [info] : [DONE] ExpiredChannel - Duration: 4ms
2026-02-13 13:11:40: 2026-02-13 13:11:40 [info] : [DONE] ExpiredChannel - Duration: 129ms
2026-02-13 13:11:40: 2026-02-13 13:11:40 [info] : [EXEC] ExpiredChannel - Args: [ 'room:game:endafter:lock:1', [Commander], [Namespace], [Namespace], [Namespace] ]
2026-02-13 13:11:40: 2026-02-13 13:11:40 [info] : [ExpiredChannel] Received expired key: room:game:endafter:lock:1
2026-02-13 13:11:40: 2026-02-13 13:11:40 [info] : [EXEC] ExpiredChannel - Args: [ 'room:game:endafter:lock:5', [Commander], [Namespace], [Namespace], [Namespace] ]
2026-02-13 13:11:40: 2026-02-13 13:11:40 [info] : [ExpiredChannel] Received expired key: room:game:endafter:lock:5
2026-02-13 13:11:40: 2026-02-13 13:11:40 [info] : [EXEC] ExpiredChannel - Args: [ 'room:game:endafter:lock:1', [Commander], [Namespace], [Namespace], [Namespace] ]
2026-02-13 13:11:40: 2026-02-13 13:11:40 [info] : [ExpiredChannel] Received expired key: room:game:endafter:lock:1
2026-02-13 13:11:40: 2026-02-13 13:11:40 [info] : [EXEC] ExpiredChannel - Args: [ 'room:game:endafter:lock:5', [Commander], [Namespace], [Namespace], [Namespace] ]
2026-02-13 13:11:40: 2026-02-13 13:11:40 [info] : [DONE] ExpiredChannel - Duration: 0ms
2026-02-13 13:11:40: 2026-02-13 13:11:40 [info] : [DONE] ExpiredChannel - Duration: 0ms
2026-02-13 13:11:40: 2026-02-13 13:11:40 [info] : [ExpiredChannel] Received expired key: room:game:endafter:lock:5
2026-02-13 13:11:40: 2026-02-13 13:11:40 [info] : [DONE] ExpiredChannel - Duration: 0ms
2026-02-13 13:11:40: 2026-02-13 13:11:40 [info] : [DONE] ExpiredChannel - Duration: 0ms
2026-02-13 13:11:40: 2026-02-13 13:11:40 [info] : [EXEC] ExpiredChannel - Args: [ 'room:game:end:9', [Commander], [Namespace], [Namespace], [Namespace] ]
2026-02-13 13:11:40: 2026-02-13 13:11:40 [info] : [ExpiredChannel] Received expired key: room:game:end:9
2026-02-13 13:11:40: 2026-02-13 13:11:40 [info] : [EXEC] ExpiredChannel - Args: [ 'room:game:end:9', [Commander], [Namespace], [Namespace], [Namespace] ]
2026-02-13 13:11:40: 2026-02-13 13:11:40 [info] : [ExpiredChannel] Received expired key: room:game:end:9
2026-02-13 13:11:40: 2026-02-13 13:11:40 [info] : [DONE] ExpiredChannel - Duration: 1ms
2026-02-13 13:11:40: 2026-02-13 13:11:40 [info] : [DONE] ExpiredChannel - Duration: 16ms
2026-02-13 13:11:40: 2026-02-13 13:11:40 [info] : [EXEC] ExpiredChannel - Args: [ 'room:game:end:42', [Commander], [Namespace], [Namespace], [Namespace] ]
2026-02-13 13:11:40: 2026-02-13 13:11:40 [info] : [ExpiredChannel] Received expired key: room:game:end:42
2026-02-13 13:11:40: 2026-02-13 13:11:40 [info] : [EXEC] ExpiredChannel - Args: [ 'room:game:end:42', [Commander], [Namespace], [Namespace], [Namespace] ]
2026-02-13 13:11:40: 2026-02-13 13:11:40 [info] : [ExpiredChannel] Received expired key: room:game:end:42
2026-02-13 13:11:40: 2026-02-13 13:11:40 [info] : [EXEC] ExpiredChannel - Args: [ 'room:game:end:38', [Commander], [Namespace], [Namespace], [Namespace] ]
2026-02-13 13:11:40: 2026-02-13 13:11:40 [info] : [ExpiredChannel] Received expired key: room:game:end:38
2026-02-13 13:11:40: 2026-02-13 13:11:40 [info] : [EXEC] ExpiredChannel - Args: [ 'room:game:end:40', [Commander], [Namespace], [Namespace], [Namespace] ]
2026-02-13 13:11:40: 2026-02-13 13:11:40 [info] : [ExpiredChannel] Received expired key: room:game:end:40
2026-02-13 13:11:40: 2026-02-13 13:11:40 [info] : [EXEC] ExpiredChannel - Args: [ 'room:game:end:38', [Commander], [Namespace], [Namespace], [Namespace] ]
2026-02-13 13:11:40: 2026-02-13 13:11:40 [info] : [ExpiredChannel] Received expired key: room:game:end:38
2026-02-13 13:11:40: 2026-02-13 13:11:40 [info] : [EXEC] ExpiredChannel - Args: [ 'room:game:end:40', [Commander], [Namespace], [Namespace], [Namespace] ]
2026-02-13 13:11:40: 2026-02-13 13:11:40 [info] : [ExpiredChannel] Received expired key: room:game:end:40
2026-02-13 13:11:40: 2026-02-13 13:11:40 [info] : [DONE] ExpiredChannel - Duration: 1ms
2026-02-13 13:11:40: 2026-02-13 13:11:40 [info] : [DONE] ExpiredChannel - Duration: 1ms
2026-02-13 13:11:40: 2026-02-13 13:11:40 [info] : [DONE] ExpiredChannel - Duration: 1ms
2026-02-13 13:11:40: 2026-02-13 13:11:40 [info] : [DONE] ExpiredChannel - Duration: 31ms
2026-02-13 13:11:40: 2026-02-13 13:11:40 [info] : [DONE] ExpiredChannel - Duration: 34ms
2026-02-13 13:11:40: 2026-02-13 13:11:40 [info] : [DONE] ExpiredChannel - Duration: 35ms
2026-02-13 13:11:40: 2026-02-13 13:11:40 [info] : [EXEC] ExpiredChannel - Args: [ 'room:game:end:7', [Commander], [Namespace], [Namespace], [Namespace] ]
2026-02-13 13:11:40: 2026-02-13 13:11:40 [info] : [ExpiredChannel] Received expired key: room:game:end:7
2026-02-13 13:11:40: 2026-02-13 13:11:40 [info] : [EXEC] ExpiredChannel - Args: [ 'room:game:endafter:lock:37', [Commander], [Namespace], [Namespace], [Namespace] ]
2026-02-13 13:11:40: 2026-02-13 13:11:40 [info] : [ExpiredChannel] Received expired key: room:game:endafter:lock:37
2026-02-13 13:11:40: 2026-02-13 13:11:40 [info] : [DONE] ExpiredChannel - Duration: 0ms
2026-02-13 13:11:40: 2026-02-13 13:11:40 [info] : [EXEC] ExpiredChannel - Args: [ 'room:game:end:7', [Commander], [Namespace], [Namespace], [Namespace] ]
2026-02-13 13:11:40: 2026-02-13 13:11:40 [info] : [ExpiredChannel] Received expired key: room:game:end:7
2026-02-13 13:11:40: 2026-02-13 13:11:40 [info] : [EXEC] ExpiredChannel - Args: [ 'room:game:endafter:lock:37', [Commander], [Namespace], [Namespace], [Namespace] ]
2026-02-13 13:11:40: 2026-02-13 13:11:40 [info] : [ExpiredChannel] Received expired key: room:game:endafter:lock:37
2026-02-13 13:11:40: 2026-02-13 13:11:40 [info] : [DONE] ExpiredChannel - Duration: 0ms
2026-02-13 13:11:40: 2026-02-13 13:11:40 [info] : [DONE] ExpiredChannel - Duration: 0ms
2026-02-13 13:11:40: 2026-02-13 13:11:40 [info] : [EXEC] ExpiredChannel - Args: [ 'room:game:end:5', [Commander], [Namespace], [Namespace], [Namespace] ]
2026-02-13 13:11:40: 2026-02-13 13:11:40 [info] : [ExpiredChannel] Received expired key: room:game:end:5
2026-02-13 13:11:40: 2026-02-13 13:11:40 [info] : [EXEC] ExpiredChannel - Args: [ 'room:game:end:5', [Commander], [Namespace], [Namespace], [Namespace] ]
2026-02-13 13:11:40: 2026-02-13 13:11:40 [info] : [ExpiredChannel] Received expired key: room:game:end:5
2026-02-13 13:11:40: 2026-02-13 13:11:40 [info] : [DONE] ExpiredChannel - Duration: 0ms
2026-02-13 13:11:40: 2026-02-13 13:11:40 [info] : [EXEC] ExpiredChannel - Args: [ 'room:game:end:2', [Commander], [Namespace], [Namespace], [Namespace] ]
2026-02-13 13:11:40: 2026-02-13 13:11:40 [info] : [ExpiredChannel] Received expired key: room:game:end:2
2026-02-13 13:11:40: 2026-02-13 13:11:40 [info] : [EXEC] ExpiredChannel - Args: [ 'room:game:end:2', [Commander], [Namespace], [Namespace], [Namespace] ]
2026-02-13 13:11:40: 2026-02-13 13:11:40 [info] : [ExpiredChannel] Received expired key: room:game:end:2
2026-02-13 13:11:40: 2026-02-13 13:11:40 [info] : [EXEC] ExpiredChannel - Args: [ 'room:game:end:3', [Commander], [Namespace], [Namespace], [Namespace] ]
2026-02-13 13:11:40: 2026-02-13 13:11:40 [info] : [ExpiredChannel] Received expired key: room:game:end:3
2026-02-13 13:11:40: 2026-02-13 13:11:40 [info] : [DONE] ExpiredChannel - Duration: 1ms
2026-02-13 13:11:40: 2026-02-13 13:11:40 [info] : [EXEC] ExpiredChannel - Args: [ 'room:game:end:3', [Commander], [Namespace], [Namespace], [Namespace] ]
2026-02-13 13:11:40: 2026-02-13 13:11:40 [info] : [ExpiredChannel] Received expired key: room:game:end:3
2026-02-13 13:11:40: 2026-02-13 13:11:40 [info] : [DONE] ExpiredChannel - Duration: 0ms
2026-02-13 13:11:40: 2026-02-13 13:11:40 [info] : [EXEC] ExpiredChannel - Args: [ 'room:game:end:6', [Commander], [Namespace], [Namespace], [Namespace] ]
2026-02-13 13:11:40: 2026-02-13 13:11:40 [info] : [ExpiredChannel] Received expired key: room:game:end:6
2026-02-13 13:11:40: 2026-02-13 13:11:40 [info] : [EXEC] ExpiredChannel - Args: [ 'room:game:end:1', [Commander], [Namespace], [Namespace], [Namespace] ]
2026-02-13 13:11:40: 2026-02-13 13:11:40 [info] : [ExpiredChannel] Received expired key: room:game:end:1
2026-02-13 13:11:40: 2026-02-13 13:11:40 [info] : [EXEC] ExpiredChannel - Args: [ 'room:game:end:6', [Commander], [Namespace], [Namespace], [Namespace] ]
2026-02-13 13:11:40: 2026-02-13 13:11:40 [info] : [ExpiredChannel] Received expired key: room:game:end:6
2026-02-13 13:11:40: 2026-02-13 13:11:40 [info] : [EXEC] ExpiredChannel - Args: [ 'room:game:end:1', [Commander], [Namespace], [Namespace], [Namespace] ]
2026-02-13 13:11:40: 2026-02-13 13:11:40 [info] : [ExpiredChannel] Received expired key: room:game:end:1
2026-02-13 13:11:40: 2026-02-13 13:11:40 [info] : [DONE] ExpiredChannel - Duration: 1ms
2026-02-13 13:11:40: 2026-02-13 13:11:40 [info] : [DONE] ExpiredChannel - Duration: 1ms
2026-02-13 13:11:40: 2026-02-13 13:11:40 [info] : [EXEC] ExpiredChannel - Args: [ 'room:game:end:8', [Commander], [Namespace], [Namespace], [Namespace] ]
2026-02-13 13:11:40: 2026-02-13 13:11:40 [info] : [ExpiredChannel] Received expired key: room:game:end:8
2026-02-13 13:11:40: 2026-02-13 13:11:40 [info] : [EXEC] ExpiredChannel - Args: [ 'room:game:end:8', [Commander], [Namespace], [Namespace], [Namespace] ]
2026-02-13 13:11:40: 2026-02-13 13:11:40 [info] : [ExpiredChannel] Received expired key: room:game:end:8
2026-02-13 13:11:40: 2026-02-13 13:11:40 [info] : [DONE] ExpiredChannel - Duration: 0ms
2026-02-13 13:11:40: 2026-02-13 13:11:40 [info] : [EXEC] ExpiredChannel - Args: [ 'room:game:end:10', [Commander], [Namespace], [Namespace], [Namespace] ]
2026-02-13 13:11:40: 2026-02-13 13:11:40 [info] : [ExpiredChannel] Received expired key: room:game:end:10
2026-02-13 13:11:40: 2026-02-13 13:11:40 [info] : [EXEC] ExpiredChannel - Args: [ 'room:game:end:10', [Commander], [Namespace], [Namespace], [Namespace] ]
2026-02-13 13:11:40: 2026-02-13 13:11:40 [info] : [ExpiredChannel] Received expired key: room:game:end:10
2026-02-13 13:11:40: 2026-02-13 13:11:40 [info] : [DONE] ExpiredChannel - Duration: 1ms
2026-02-13 13:11:40: 2026-02-13 13:11:40 [info] : [EXEC] ExpiredChannel - Args: [ 'room:game:end:11', [Commander], [Namespace], [Namespace], [Namespace] ]
2026-02-13 13:11:40: 2026-02-13 13:11:40 [info] : [ExpiredChannel] Received expired key: room:game:end:11
2026-02-13 13:11:40: 2026-02-13 13:11:40 [info] : [EXEC] ExpiredChannel - Args: [ 'room:game:end:12', [Commander], [Namespace], [Namespace], [Namespace] ]
2026-02-13 13:11:40: 2026-02-13 13:11:40 [info] : [ExpiredChannel] Received expired key: room:game:end:12
2026-02-13 13:11:40: 2026-02-13 13:11:40 [info] : [EXEC] ExpiredChannel - Args: [ 'room:game:end:11', [Commander], [Namespace], [Namespace], [Namespace] ]
2026-02-13 13:11:40: 2026-02-13 13:11:40 [info] : [ExpiredChannel] Received expired key: room:game:end:11
2026-02-13 13:11:40: 2026-02-13 13:11:40 [info] : [EXEC] ExpiredChannel - Args: [ 'room:game:end:12', [Commander], [Namespace], [Namespace], [Namespace] ]
2026-02-13 13:11:40: 2026-02-13 13:11:40 [info] : [ExpiredChannel] Received expired key: room:game:end:12
2026-02-13 13:11:40: 2026-02-13 13:11:40 [info] : [DONE] ExpiredChannel - Duration: 3ms
2026-02-13 13:11:40: 2026-02-13 13:11:40 [info] : [DONE] ExpiredChannel - Duration: 3ms
2026-02-13 13:11:40: 2026-02-13 13:11:40 [info] : [EXEC] ExpiredChannel - Args: [ 'room:game:end:18', [Commander], [Namespace], [Namespace], [Namespace] ]
2026-02-13 13:11:40: 2026-02-13 13:11:40 [info] : [ExpiredChannel] Received expired key: room:game:end:18
2026-02-13 13:11:40: 2026-02-13 13:11:40 [info] : [EXEC] ExpiredChannel - Args: [ 'room:game:end:18', [Commander], [Namespace], [Namespace], [Namespace] ]
2026-02-13 13:11:40: 2026-02-13 13:11:40 [info] : [ExpiredChannel] Received expired key: room:game:end:18
2026-02-13 13:11:40: 2026-02-13 13:11:40 [info] : [DONE] ExpiredChannel - Duration: 1ms
2026-02-13 13:11:40: 2026-02-13 13:11:40 [info] : [EXEC] ExpiredChannel - Args: [ 'room:game:end:17', [Commander], [Namespace], [Namespace], [Namespace] ]
2026-02-13 13:11:40: 2026-02-13 13:11:40 [info] : [ExpiredChannel] Received expired key: room:game:end:17
2026-02-13 13:11:40: 2026-02-13 13:11:40 [info] : [EXEC] ExpiredChannel - Args: [ 'room:game:end:17', [Commander], [Namespace], [Namespace], [Namespace] ]
2026-02-13 13:11:40: 2026-02-13 13:11:40 [info] : [ExpiredChannel] Received expired key: room:game:end:17
2026-02-13 13:11:40: 2026-02-13 13:11:40 [info] : [DONE] ExpiredChannel - Duration: 5ms
2026-02-13 13:11:40: 2026-02-13 13:11:40 [info] : [EXEC] ExpiredChannel - Args: [ 'room:game:end:19', [Commander], [Namespace], [Namespace], [Namespace] ]
2026-02-13 13:11:40: 2026-02-13 13:11:40 [info] : [ExpiredChannel] Received expired key: room:game:end:19
2026-02-13 13:11:40: 2026-02-13 13:11:40 [info] : [EXEC] ExpiredChannel - Args: [ 'room:game:end:19', [Commander], [Namespace], [Namespace], [Namespace] ]
2026-02-13 13:11:40: 2026-02-13 13:11:40 [info] : [ExpiredChannel] Received expired key: room:game:end:19
2026-02-13 13:11:40: 2026-02-13 13:11:40 [info] : [DONE] ExpiredChannel - Duration: 2ms
2026-02-13 13:11:40: 2026-02-13 13:11:40 [info] : [EXEC] ExpiredChannel - Args: [ 'room:game:end:15', [Commander], [Namespace], [Namespace], [Namespace] ]
2026-02-13 13:11:40: 2026-02-13 13:11:40 [info] : [ExpiredChannel] Received expired key: room:game:end:15
2026-02-13 13:11:40: 2026-02-13 13:11:40 [info] : [EXEC] ExpiredChannel - Args: [ 'room:game:end:15', [Commander], [Namespace], [Namespace], [Namespace] ]
2026-02-13 13:11:40: 2026-02-13 13:11:40 [info] : [ExpiredChannel] Received expired key: room:game:end:15
2026-02-13 13:11:40: 2026-02-13 13:11:40 [info] : [EXEC] ExpiredChannel - Args: [ 'room:game:end:16', [Commander], [Namespace], [Namespace], [Namespace] ]
2026-02-13 13:11:40: 2026-02-13 13:11:40 [info] : [EXEC] ExpiredChannel - Args: [ 'room:game:end:16', [Commander], [Namespace], [Namespace], [Namespace] ]
2026-02-13 13:11:40: 2026-02-13 13:11:40 [info] : [ExpiredChannel] Received expired key: room:game:end:16
2026-02-13 13:11:40: 2026-02-13 13:11:40 [info] : [ExpiredChannel] Received expired key: room:game:end:16
2026-02-13 13:11:40: 2026-02-13 13:11:40 [info] : [DONE] ExpiredChannel - Duration: 2ms
2026-02-13 13:11:40: 2026-02-13 13:11:40 [info] : [DONE] ExpiredChannel - Duration: 1ms
2026-02-13 13:11:40: 2026-02-13 13:11:40 [info] : [EXEC] ExpiredChannel - Args: [ 'room:game:end:37', [Commander], [Namespace], [Namespace], [Namespace] ]
2026-02-13 13:11:40: 2026-02-13 13:11:40 [info] : [ExpiredChannel] Received expired key: room:game:end:37
2026-02-13 13:11:40: 2026-02-13 13:11:40 [info] : [EXEC] ExpiredChannel - Args: [ 'room:game:end:37', [Commander], [Namespace], [Namespace], [Namespace] ]
2026-02-13 13:11:40: 2026-02-13 13:11:40 [info] : [ExpiredChannel] Received expired key: room:game:end:37
2026-02-13 13:11:40: 2026-02-13 13:11:40 [info] : [DONE] ExpiredChannel - Duration: 0ms
2026-02-13 13:11:40: 2026-02-13 13:11:40 [info] : [EXEC] ExpiredChannel - Args: [ 'room:game:end:39', [Commander], [Namespace], [Namespace], [Namespace] ]
2026-02-13 13:11:40: 2026-02-13 13:11:40 [info] : [ExpiredChannel] Received expired key: room:game:end:39
2026-02-13 13:11:40: 2026-02-13 13:11:40 [info] : [EXEC] ExpiredChannel - Args: [ 'room:game:end:39', [Commander], [Namespace], [Namespace], [Namespace] ]
2026-02-13 13:11:40: 2026-02-13 13:11:40 [info] : [ExpiredChannel] Received expired key: room:game:end:39
2026-02-13 13:11:40: 2026-02-13 13:11:40 [info] : [DONE] ExpiredChannel - Duration: 34ms
2026-02-13 13:11:40: 2026-02-13 13:11:40 [info] : [EXEC] ExpiredChannel - Args: [ 'room:game:end:41', [Commander], [Namespace], [Namespace], [Namespace] ]
2026-02-13 13:11:40: 2026-02-13 13:11:40 [info] : [ExpiredChannel] Received expired key: room:game:end:41
2026-02-13 13:11:40: 2026-02-13 13:11:40 [info] : [DONE] ExpiredChannel - Duration: 1ms
2026-02-13 13:11:40: 2026-02-13 13:11:40 [info] : [EXEC] ExpiredChannel - Args: [ 'room:game:end:41', [Commander], [Namespace], [Namespace], [Namespace] ]
2026-02-13 13:11:40: 2026-02-13 13:11:40 [info] : [ExpiredChannel] Received expired key: room:game:end:41
2026-02-13 13:11:40: 2026-02-13 13:11:40 [info] : [EXEC] ExpiredChannel - Args: [ 'room:game:end:48', [Commander], [Namespace], [Namespace], [Namespace] ]
2026-02-13 13:11:40: 2026-02-13 13:11:40 [info] : [ExpiredChannel] Received expired key: room:game:end:48
2026-02-13 13:11:40: 2026-02-13 13:11:40 [info] : [EXEC] ExpiredChannel - Args: [ 'room:game:end:48', [Commander], [Namespace], [Namespace], [Namespace] ]
2026-02-13 13:11:40: 2026-02-13 13:11:40 [info] : [ExpiredChannel] Received expired key: room:game:end:48
2026-02-13 13:11:40: 2026-02-13 13:11:40 [info] : [EXEC] ExpiredChannel - Args: [ 'room:game:end:43', [Commander], [Namespace], [Namespace], [Namespace] ]
2026-02-13 13:11:40: 2026-02-13 13:11:40 [info] : [ExpiredChannel] Received expired key: room:game:end:43
2026-02-13 13:11:40: 2026-02-13 13:11:40 [info] : [EXEC] ExpiredChannel - Args: [ 'room:game:end:49', [Commander], [Namespace], [Namespace], [Namespace] ]
2026-02-13 13:11:40: 2026-02-13 13:11:40 [info] : [ExpiredChannel] Received expired key: room:game:end:49
2026-02-13 13:11:40: 2026-02-13 13:11:40 [info] : [EXEC] ExpiredChannel - Args: [ 'room:game:end:50', [Commander], [Namespace], [Namespace], [Namespace] ]
2026-02-13 13:11:40: 2026-02-13 13:11:40 [info] : [ExpiredChannel] Received expired key: room:game:end:50
2026-02-13 13:11:40: 2026-02-13 13:11:40 [info] : [DONE] ExpiredChannel - Duration: 2ms
2026-02-13 13:11:40: 2026-02-13 13:11:40 [info] : [DONE] ExpiredChannel - Duration: 2ms
2026-02-13 13:11:40: 2026-02-13 13:11:40 [info] : [EXEC] ExpiredChannel - Args: [ 'room:game:end:43', [Commander], [Namespace], [Namespace], [Namespace] ]
2026-02-13 13:11:40: 2026-02-13 13:11:40 [info] : [ExpiredChannel] Received expired key: room:game:end:43
2026-02-13 13:11:40: 2026-02-13 13:11:40 [info] : [EXEC] ExpiredChannel - Args: [ 'room:game:end:49', [Commander], [Namespace], [Namespace], [Namespace] ]
2026-02-13 13:11:40: 2026-02-13 13:11:40 [info] : [ExpiredChannel] Received expired key: room:game:end:49
2026-02-13 13:11:40: 2026-02-13 13:11:40 [info] : [EXEC] ExpiredChannel - Args: [ 'room:game:end:13', [Commander], [Namespace], [Namespace], [Namespace] ]
2026-02-13 13:11:40: 2026-02-13 13:11:40 [info] : [ExpiredChannel] Received expired key: room:game:end:13
2026-02-13 13:11:40: 2026-02-13 13:11:40 [info] : [DONE] ExpiredChannel - Duration: 4ms
2026-02-13 13:11:40: 2026-02-13 13:11:40 [info] : [DONE] ExpiredChannel - Duration: 4ms
2026-02-13 13:11:40: 2026-02-13 13:11:40 [info] : [EXEC] ExpiredChannel - Args: [ 'room:game:end:50', [Commander], [Namespace], [Namespace], [Namespace] ]
2026-02-13 13:11:40: 2026-02-13 13:11:40 [info] : [ExpiredChannel] Received expired key: room:game:end:50
2026-02-13 13:11:40: 2026-02-13 13:11:40 [info] : [EXEC] ExpiredChannel - Args: [ 'room:game:end:13', [Commander], [Namespace], [Namespace], [Namespace] ]
2026-02-13 13:11:40: 2026-02-13 13:11:40 [info] : [ExpiredChannel] Received expired key: room:game:end:13
2026-02-13 13:11:40: 2026-02-13 13:11:40 [info] : [DONE] ExpiredChannel - Duration: 2ms
2026-02-13 13:11:40: 2026-02-13 13:11:40 [info] : [EXEC] ExpiredChannel - Args: [ 'room:game:end:14', [Commander], [Namespace], [Namespace], [Namespace] ]
2026-02-13 13:11:40: 2026-02-13 13:11:40 [info] : [ExpiredChannel] Received expired key: room:game:end:14
2026-02-13 13:11:40: 2026-02-13 13:11:40 [info] : [DONE] ExpiredChannel - Duration: 2ms
2026-02-13 13:11:40: 2026-02-13 13:11:40 [info] : [EXEC] ExpiredChannel - Args: [ 'room:game:end:14', [Commander], [Namespace], [Namespace], [Namespace] ]
2026-02-13 13:11:40: 2026-02-13 13:11:40 [info] : [ExpiredChannel] Received expired key: room:game:end:14
2026-02-13 13:11:40: 2026-02-13 13:11:40 [info] : [EXEC] ExpiredChannel - Args: [ 'room:game:end:29', [Commander], [Namespace], [Namespace], [Namespace] ]
2026-02-13 13:11:40: 2026-02-13 13:11:40 [info] : [ExpiredChannel] Received expired key: room:game:end:29
2026-02-13 13:11:40: 2026-02-13 13:11:40 [info] : [DONE] ExpiredChannel - Duration: 5ms
2026-02-13 13:11:40: 2026-02-13 13:11:40 [info] : [EXEC] ExpiredChannel - Args: [ 'room:game:end:29', [Commander], [Namespace], [Namespace], [Namespace] ]
2026-02-13 13:11:40: 2026-02-13 13:11:40 [info] : [ExpiredChannel] Received expired key: room:game:end:29
2026-02-13 13:11:40: 2026-02-13 13:11:40 [info] : [DONE] ExpiredChannel - Duration: 3ms
2026-02-13 13:11:40: 2026-02-13 13:11:40 [info] : [EXEC] ExpiredChannel - Args: [ 'room:game:end:33', [Commander], [Namespace], [Namespace], [Namespace] ]
2026-02-13 13:11:40: 2026-02-13 13:11:40 [info] : [EXEC] ExpiredChannel - Args: [ 'room:game:end:33', [Commander], [Namespace], [Namespace], [Namespace] ]
2026-02-13 13:11:40: 2026-02-13 13:11:40 [info] : [ExpiredChannel] Received expired key: room:game:end:33
2026-02-13 13:11:40: 2026-02-13 13:11:40 [info] : [EXEC] ExpiredChannel - Args: [ 'room:game:end:47', [Commander], [Namespace], [Namespace], [Namespace] ]
2026-02-13 13:11:40: 2026-02-13 13:11:40 [info] : [ExpiredChannel] Received expired key: room:game:end:47
2026-02-13 13:11:40: 2026-02-13 13:11:40 [info] : [ExpiredChannel] Received expired key: room:game:end:33
2026-02-13 13:11:40: 2026-02-13 13:11:40 [info] : [EXEC] ExpiredChannel - Args: [ 'room:game:end:20', [Commander], [Namespace], [Namespace], [Namespace] ]
2026-02-13 13:11:40: 2026-02-13 13:11:40 [info] : [ExpiredChannel] Received expired key: room:game:end:20
2026-02-13 13:11:40: 2026-02-13 13:11:40 [info] : [DONE] ExpiredChannel - Duration: 64ms
2026-02-13 13:11:40: 2026-02-13 13:11:40 [info] : [EXEC] ExpiredChannel - Args: [ 'room:game:end:47', [Commander], [Namespace], [Namespace], [Namespace] ]
2026-02-13 13:11:40: 2026-02-13 13:11:40 [info] : [EXEC] ExpiredChannel - Args: [ 'room:game:end:21', [Commander], [Namespace], [Namespace], [Namespace] ]
2026-02-13 13:11:40: 2026-02-13 13:11:40 [info] : [ExpiredChannel] Received expired key: room:game:end:21
2026-02-13 13:11:40: 2026-02-13 13:11:40 [info] : [ExpiredChannel] Received expired key: room:game:end:47
2026-02-13 13:11:40: 2026-02-13 13:11:40 [info] : [EXEC] ExpiredChannel - Args: [ 'room:game:end:25', [Commander], [Namespace], [Namespace], [Namespace] ]
2026-02-13 13:11:40: 2026-02-13 13:11:40 [info] : [ExpiredChannel] Received expired key: room:game:end:25
2026-02-13 13:11:40: 2026-02-13 13:11:40 [info] : [EXEC] ExpiredChannel - Args: [ 'room:game:end:27', [Commander], [Namespace], [Namespace], [Namespace] ]
2026-02-13 13:11:40: 2026-02-13 13:11:40 [info] : [ExpiredChannel] Received expired key: room:game:end:27
2026-02-13 13:11:40: 2026-02-13 13:11:40 [info] : [EXEC] ExpiredChannel - Args: [ 'room:game:end:26', [Commander], [Namespace], [Namespace], [Namespace] ]
2026-02-13 13:11:40: 2026-02-13 13:11:40 [info] : [ExpiredChannel] Received expired key: room:game:end:26
2026-02-13 13:11:40: 2026-02-13 13:11:40 [info] : [EXEC] ExpiredChannel - Args: [ 'room:game:end:28', [Commander], [Namespace], [Namespace], [Namespace] ]
2026-02-13 13:11:40: 2026-02-13 13:11:40 [info] : [ExpiredChannel] Received expired key: room:game:end:28
2026-02-13 13:11:40: 2026-02-13 13:11:40 [info] : [EXEC] ExpiredChannel - Args: [ 'room:game:end:20', [Commander], [Namespace], [Namespace], [Namespace] ]
2026-02-13 13:11:40: 2026-02-13 13:11:40 [info] : [ExpiredChannel] Received expired key: room:game:end:20
2026-02-13 13:11:40: 2026-02-13 13:11:40 [info] : [DONE] ExpiredChannel - Duration: 7ms
2026-02-13 13:11:40: 2026-02-13 13:11:40 [info] : [DONE] ExpiredChannel - Duration: 5ms
2026-02-13 13:11:40: 2026-02-13 13:11:40 [info] : [DONE] ExpiredChannel - Duration: 1ms
2026-02-13 13:11:40: 2026-02-13 13:11:40 [info] : [EXEC] ExpiredChannel - Args: [ 'room:game:end:21', [Commander], [Namespace], [Namespace], [Namespace] ]
2026-02-13 13:11:40: 2026-02-13 13:11:40 [info] : [ExpiredChannel] Received expired key: room:game:end:21
2026-02-13 13:11:40: 2026-02-13 13:11:40 [info] : [EXEC] ExpiredChannel - Args: [ 'room:game:end:25', [Commander], [Namespace], [Namespace], [Namespace] ]
2026-02-13 13:11:40: 2026-02-13 13:11:40 [info] : [ExpiredChannel] Received expired key: room:game:end:25
2026-02-13 13:11:40: 2026-02-13 13:11:40 [info] : [EXEC] ExpiredChannel - Args: [ 'room:game:end:27', [Commander], [Namespace], [Namespace], [Namespace] ]
2026-02-13 13:11:40: 2026-02-13 13:11:40 [info] : [ExpiredChannel] Received expired key: room:game:end:27
2026-02-13 13:11:40: 2026-02-13 13:11:40 [info] : [EXEC] ExpiredChannel - Args: [ 'room:game:end:26', [Commander], [Namespace], [Namespace], [Namespace] ]
2026-02-13 13:11:40: 2026-02-13 13:11:40 [info] : [ExpiredChannel] Received expired key: room:game:end:26
2026-02-13 13:11:40: 2026-02-13 13:11:40 [info] : [DONE] ExpiredChannel - Duration: 65ms
2026-02-13 13:11:40: 2026-02-13 13:11:40 [info] : [EXEC] ExpiredChannel - Args: [ 'room:game:end:28', [Commander], [Namespace], [Namespace], [Namespace] ]
2026-02-13 13:11:40: 2026-02-13 13:11:40 [info] : [ExpiredChannel] Received expired key: room:game:end:28
2026-02-13 13:11:40: 2026-02-13 13:11:40 [info] : [DONE] ExpiredChannel - Duration: 5ms
2026-02-13 13:11:40: 2026-02-13 13:11:40 [info] : [DONE] ExpiredChannel - Duration: 6ms
2026-02-13 13:11:40: 2026-02-13 13:11:40 [info] : [DONE] ExpiredChannel - Duration: 6ms
2026-02-13 13:11:40: 2026-02-13 13:11:40 [info] : [DONE] ExpiredChannel - Duration: 6ms
2026-02-13 13:11:40: 2026-02-13 13:11:40 [info] : [EXEC] ExpiredChannel - Args: [ 'room:game:end:30', [Commander], [Namespace], [Namespace], [Namespace] ]
2026-02-13 13:11:40: 2026-02-13 13:11:40 [info] : [ExpiredChannel] Received expired key: room:game:end:30
2026-02-13 13:11:40: 2026-02-13 13:11:40 [info] : [EXEC] ExpiredChannel - Args: [ 'room:game:end:30', [Commander], [Namespace], [Namespace], [Namespace] ]
2026-02-13 13:11:40: 2026-02-13 13:11:40 [info] : [ExpiredChannel] Received expired key: room:game:end:30
2026-02-13 13:11:40: 2026-02-13 13:11:40 [info] : [DONE] ExpiredChannel - Duration: 5ms
2026-02-13 13:11:40: 2026-02-13 13:11:40 [info] : [DONE] ExpiredChannel - Duration: 2ms
2026-02-13 13:11:40: 2026-02-13 13:11:40 [info] : [EXEC] ExpiredChannel - Args: [ 'room:game:end:32', [Commander], [Namespace], [Namespace], [Namespace] ]
2026-02-13 13:11:40: 2026-02-13 13:11:40 [info] : [ExpiredChannel] Received expired key: room:game:end:32
2026-02-13 13:11:40: 2026-02-13 13:11:40 [info] : [EXEC] ExpiredChannel - Args: [ 'room:game:end:32', [Commander], [Namespace], [Namespace], [Namespace] ]
2026-02-13 13:11:40: 2026-02-13 13:11:40 [info] : [ExpiredChannel] Received expired key: room:game:end:32
2026-02-13 13:11:40: 2026-02-13 13:11:40 [info] : [DONE] ExpiredChannel - Duration: 1ms
2026-02-13 13:11:40: 2026-02-13 13:11:40 [info] : [DONE] ExpiredChannel - Duration: 78ms
2026-02-13 13:11:40: 2026-02-13 13:11:40 [info] : [DONE] ExpiredChannel - Duration: 87ms
2026-02-13 13:11:40: 2026-02-13 13:11:40 [info] : [DONE] ExpiredChannel - Duration: 89ms
2026-02-13 13:11:40: 2026-02-13 13:11:40 [info] : [DONE] ExpiredChannel - Duration: 74ms
2026-02-13 13:11:40: 2026-02-13 13:11:40 [info] : [DONE] ExpiredChannel - Duration: 74ms
2026-02-13 13:11:40: 2026-02-13 13:11:40 [info] : [DONE] ExpiredChannel - Duration: 105ms
2026-02-13 13:11:40: 2026-02-13 13:11:40 [info] : [DONE] ExpiredChannel - Duration: 109ms
2026-02-13 13:11:40: 2026-02-13 13:11:40 [info] : [DONE] ExpiredChannel - Duration: 115ms
2026-02-13 13:11:40: 2026-02-13 13:11:40 [info] : [DONE] ExpiredChannel - Duration: 89ms
2026-02-13 13:11:40: 2026-02-13 13:11:40 [info] : [DONE] ExpiredChannel - Duration: 92ms
2026-02-13 13:11:40: 2026-02-13 13:11:40 [info] : [DONE] ExpiredChannel - Duration: 97ms
2026-02-13 13:11:40: 2026-02-13 13:11:40 [info] : [DONE] ExpiredChannel - Duration: 68ms
2026-02-13 13:11:40: 2026-02-13 13:11:40 [info] : [DONE] ExpiredChannel - Duration: 97ms
2026-02-13 13:11:40: 2026-02-13 13:11:40 [info] : [DONE] ExpiredChannel - Duration: 129ms
2026-02-13 13:11:40: 2026-02-13 13:11:40 [info] : [DONE] ExpiredChannel - Duration: 124ms
2026-02-13 13:11:40: 2026-02-13 13:11:40 [info] : [DONE] ExpiredChannel - Duration: 126ms
2026-02-13 13:11:40: 2026-02-13 13:11:40 [info] : [DONE] ExpiredChannel - Duration: 79ms
2026-02-13 13:11:40: 2026-02-13 13:11:40 [info] : [DONE] ExpiredChannel - Duration: 113ms
2026-02-13 13:11:40: 2026-02-13 13:11:40 [info] : [DONE] ExpiredChannel - Duration: 120ms
2026-02-13 13:11:40: 2026-02-13 13:11:40 [info] : [DONE] ExpiredChannel - Duration: 109ms
2026-02-13 13:11:40: 2026-02-13 13:11:40 [info] : [DONE] ExpiredChannel - Duration: 99ms
2026-02-13 13:11:40: 2026-02-13 13:11:40 [info] : [DONE] ExpiredChannel - Duration: 91ms
2026-02-13 13:11:40: 2026-02-13 13:11:40 [info] : [DONE] ExpiredChannel - Duration: 131ms
2026-02-13 13:11:40: 2026-02-13 13:11:40 [info] : [DONE] ExpiredChannel - Duration: 87ms
2026-02-13 13:11:40: 2026-02-13 13:11:40 [info] : [DONE] ExpiredChannel - Duration: 122ms
2026-02-13 13:11:40: 2026-02-13 13:11:40 [info] : [DONE] ExpiredChannel - Duration: 130ms
2026-02-13 13:11:40: 2026-02-13 13:11:40 [info] : [DONE] ExpiredChannel - Duration: 99ms
2026-02-13 13:11:40: 2026-02-13 13:11:40 [info] : [DONE] ExpiredChannel - Duration: 86ms
2026-02-13 13:11:40: 2026-02-13 13:11:40 [info] : [DONE] ExpiredChannel - Duration: 134ms
2026-02-13 13:11:40: 2026-02-13 13:11:40 [info] : [DONE] ExpiredChannel - Duration: 104ms
2026-02-13 13:11:40: 2026-02-13 13:11:40 [info] : [DONE] ExpiredChannel - Duration: 101ms
2026-02-13 13:11:40: 2026-02-13 13:11:40 [info] : [DONE] ExpiredChannel - Duration: 104ms
2026-02-13 13:11:40: 2026-02-13 13:11:40 [info] : [EXEC] ExpiredChannel - Args: [ 'room:game:endafter:lock:11', [Commander], [Namespace], [Namespace], [Namespace] ]
2026-02-13 13:11:40: 2026-02-13 13:11:40 [info] : [ExpiredChannel] Received expired key: room:game:endafter:lock:11
2026-02-13 13:11:40: 2026-02-13 13:11:40 [info] : [EXEC] ExpiredChannel - Args: [ 'room:game:endafter:lock:25', [Commander], [Namespace], [Namespace], [Namespace] ]
2026-02-13 13:11:40: 2026-02-13 13:11:40 [info] : [ExpiredChannel] Received expired key: room:game:endafter:lock:25
2026-02-13 13:11:40: 2026-02-13 13:11:40 [info] : [DONE] ExpiredChannel - Duration: 1ms
2026-02-13 13:11:40: 2026-02-13 13:11:40 [info] : [DONE] ExpiredChannel - Duration: 0ms
2026-02-13 13:11:40: 2026-02-13 13:11:40 [info] : [EXEC] ExpiredChannel - Args: [ 'room:game:endafter:lock:11', [Commander], [Namespace], [Namespace], [Namespace] ]
2026-02-13 13:11:40: 2026-02-13 13:11:40 [info] : [ExpiredChannel] Received expired key: room:game:endafter:lock:11
2026-02-13 13:11:40: 2026-02-13 13:11:40 [info] : [EXEC] ExpiredChannel - Args: [ 'room:game:endafter:lock:25', [Commander], [Namespace], [Namespace], [Namespace] ]
2026-02-13 13:11:40: 2026-02-13 13:11:40 [info] : [ExpiredChannel] Received expired key: room:game:endafter:lock:25
2026-02-13 13:11:40: 2026-02-13 13:11:40 [info] : [DONE] ExpiredChannel - Duration: 1ms
2026-02-13 13:11:40: 2026-02-13 13:11:40 [info] : [DONE] ExpiredChannel - Duration: 0ms
2026-02-13 13:11:41: 2026-02-13 13:11:41 [info] : [EXEC] ExpiredChannel - Args: [ 'room:game:endafter:lock:42', [Commander], [Namespace], [Namespace], [Namespace] ]
2026-02-13 13:11:41: 2026-02-13 13:11:41 [info] : [ExpiredChannel] Received expired key: room:game:endafter:lock:42
2026-02-13 13:11:41: 2026-02-13 13:11:41 [info] : [DONE] ExpiredChannel - Duration: 0ms
2026-02-13 13:11:41: 2026-02-13 13:11:41 [info] : [EXEC] ExpiredChannel - Args: [ 'room:game:endafter:lock:42', [Commander], [Namespace], [Namespace], [Namespace] ]
2026-02-13 13:11:41: 2026-02-13 13:11:41 [info] : [ExpiredChannel] Received expired key: room:game:endafter:lock:42
2026-02-13 13:11:41: 2026-02-13 13:11:41 [info] : [DONE] ExpiredChannel - Duration: 1ms
2026-02-13 13:11:41: 2026-02-13 13:11:41 [info] : [EXEC] ExpiredChannel - Args: [ 'room:game:end:45', [Commander], [Namespace], [Namespace], [Namespace] ]
2026-02-13 13:11:41: 2026-02-13 13:11:41 [info] : [ExpiredChannel] Received expired key: room:game:end:45
2026-02-13 13:11:41: 2026-02-13 13:11:41 [info] : [EXEC] ExpiredChannel - Args: [ 'room:game:end:45', [Commander], [Namespace], [Namespace], [Namespace] ]
2026-02-13 13:11:41: 2026-02-13 13:11:41 [info] : [ExpiredChannel] Received expired key: room:game:end:45
2026-02-13 13:11:41: 2026-02-13 13:11:41 [info] : [DONE] ExpiredChannel - Duration: 1ms
2026-02-13 13:11:41: 2026-02-13 13:11:41 [info] : [DONE] ExpiredChannel - Duration: 38ms
2026-02-13 13:11:41: 2026-02-13 13:11:41 [info] : [EXEC] ExpiredChannel - Args: [ 'room:game:end:24', [Commander], [Namespace], [Namespace], [Namespace] ]
2026-02-13 13:11:41: 2026-02-13 13:11:41 [info] : [ExpiredChannel] Received expired key: room:game:end:24
2026-02-13 13:11:41: 2026-02-13 13:11:41 [info] : [EXEC] ExpiredChannel - Args: [ 'room:game:end:24', [Commander], [Namespace], [Namespace], [Namespace] ]
2026-02-13 13:11:41: 2026-02-13 13:11:41 [info] : [ExpiredChannel] Received expired key: room:game:end:24
2026-02-13 13:11:41: 2026-02-13 13:11:41 [info] : [DONE] ExpiredChannel - Duration: 1ms
2026-02-13 13:11:41: 2026-02-13 13:11:41 [info] : [DONE] ExpiredChannel - Duration: 16ms
2026-02-13 13:11:41: 2026-02-13 13:11:41 [info] : [EXEC] ExpiredChannel - Args: [ 'room:game:endafter:lock:3', [Commander], [Namespace], [Namespace], [Namespace] ]
2026-02-13 13:11:41: 2026-02-13 13:11:41 [info] : [ExpiredChannel] Received expired key: room:game:endafter:lock:3
2026-02-13 13:11:41: 2026-02-13 13:11:41 [info] : [DONE] ExpiredChannel - Duration: 0ms
2026-02-13 13:11:41: 2026-02-13 13:11:41 [info] : [EXEC] ExpiredChannel - Args: [ 'room:game:endafter:lock:3', [Commander], [Namespace], [Namespace], [Namespace] ]
2026-02-13 13:11:41: 2026-02-13 13:11:41 [info] : [ExpiredChannel] Received expired key: room:game:endafter:lock:3
2026-02-13 13:11:41: 2026-02-13 13:11:41 [info] : [DONE] ExpiredChannel - Duration: 0ms
2026-02-13 13:11:41: 2026-02-13 13:11:41 [info] : [EXEC] ExpiredChannel - Args: [ 'room:game:endafter:lock:15', [Commander], [Namespace], [Namespace], [Namespace] ]
2026-02-13 13:11:41: 2026-02-13 13:11:41 [info] : [ExpiredChannel] Received expired key: room:game:endafter:lock:15
2026-02-13 13:11:41: 2026-02-13 13:11:41 [info] : [EXEC] ExpiredChannel - Args: [ 'room:game:end:31', [Commander], [Namespace], [Namespace], [Namespace] ]
2026-02-13 13:11:41: 2026-02-13 13:11:41 [info] : [ExpiredChannel] Received expired key: room:game:end:31
2026-02-13 13:11:41: 2026-02-13 13:11:41 [info] : [EXEC] ExpiredChannel - Args: [ 'room:game:endafter:lock:15', [Commander], [Namespace], [Namespace], [Namespace] ]
2026-02-13 13:11:41: 2026-02-13 13:11:41 [info] : [ExpiredChannel] Received expired key: room:game:endafter:lock:15
2026-02-13 13:11:41: 2026-02-13 13:11:41 [info] : [EXEC] ExpiredChannel - Args: [ 'room:game:endafter:lock:4', [Commander], [Namespace], [Namespace], [Namespace] ]
2026-02-13 13:11:41: 2026-02-13 13:11:41 [info] : [ExpiredChannel] Received expired key: room:game:endafter:lock:4
2026-02-13 13:11:41: 2026-02-13 13:11:41 [info] : [EXEC] ExpiredChannel - Args: [ 'room:game:endafter:lock:23', [Commander], [Namespace], [Namespace], [Namespace] ]
2026-02-13 13:11:41: 2026-02-13 13:11:41 [info] : [ExpiredChannel] Received expired key: room:game:endafter:lock:23
2026-02-13 13:11:41: 2026-02-13 13:11:41 [info] : [EXEC] ExpiredChannel - Args: [ 'room:game:end:31', [Commander], [Namespace], [Namespace], [Namespace] ]
2026-02-13 13:11:41: 2026-02-13 13:11:41 [info] : [ExpiredChannel] Received expired key: room:game:end:31
2026-02-13 13:11:41: 2026-02-13 13:11:41 [info] : [EXEC] ExpiredChannel - Args: [ 'room:game:endafter:lock:46', [Commander], [Namespace], [Namespace], [Namespace] ]
2026-02-13 13:11:41: 2026-02-13 13:11:41 [info] : [ExpiredChannel] Received expired key: room:game:endafter:lock:46
2026-02-13 13:11:41: 2026-02-13 13:11:41 [info] : [EXEC] ExpiredChannel - Args: [ 'room:game:endafter:lock:10', [Commander], [Namespace], [Namespace], [Namespace] ]
2026-02-13 13:11:41: 2026-02-13 13:11:41 [info] : [ExpiredChannel] Received expired key: room:game:endafter:lock:10
2026-02-13 13:11:41: 2026-02-13 13:11:41 [info] : [EXEC] ExpiredChannel - Args: [ 'room:game:endafter:lock:28', [Commander], [Namespace], [Namespace], [Namespace] ]
2026-02-13 13:11:41: 2026-02-13 13:11:41 [info] : [ExpiredChannel] Received expired key: room:game:endafter:lock:28
2026-02-13 13:11:41: 2026-02-13 13:11:41 [info] : [EXEC] ExpiredChannel - Args: [ 'room:game:endafter:lock:4', [Commander], [Namespace], [Namespace], [Namespace] ]
2026-02-13 13:11:41: 2026-02-13 13:11:41 [info] : [ExpiredChannel] Received expired key: room:game:endafter:lock:4
2026-02-13 13:11:41: 2026-02-13 13:11:41 [info] : [EXEC] ExpiredChannel - Args: [ 'room:game:endafter:lock:23', [Commander], [Namespace], [Namespace], [Namespace] ]
2026-02-13 13:11:41: 2026-02-13 13:11:41 [info] : [ExpiredChannel] Received expired key: room:game:endafter:lock:23
2026-02-13 13:11:41: 2026-02-13 13:11:41 [info] : [DONE] ExpiredChannel - Duration: 1ms
2026-02-13 13:11:41: 2026-02-13 13:11:41 [info] : [DONE] ExpiredChannel - Duration: 1ms
2026-02-13 13:11:41: 2026-02-13 13:11:41 [info] : [DONE] ExpiredChannel - Duration: 1ms
2026-02-13 13:11:41: 2026-02-13 13:11:41 [info] : [DONE] ExpiredChannel - Duration: 1ms
2026-02-13 13:11:41: 2026-02-13 13:11:41 [info] : [DONE] ExpiredChannel - Duration: 1ms
2026-02-13 13:11:41: 2026-02-13 13:11:41 [info] : [DONE] ExpiredChannel - Duration: 0ms
2026-02-13 13:11:41: 2026-02-13 13:11:41 [info] : [EXEC] ExpiredChannel - Args: [ 'room:game:endafter:lock:46', [Commander], [Namespace], [Namespace], [Namespace] ]
2026-02-13 13:11:41: 2026-02-13 13:11:41 [info] : [ExpiredChannel] Received expired key: room:game:endafter:lock:46
2026-02-13 13:11:41: 2026-02-13 13:11:41 [info] : [EXEC] ExpiredChannel - Args: [ 'room:game:endafter:lock:10', [Commander], [Namespace], [Namespace], [Namespace] ]
2026-02-13 13:11:41: 2026-02-13 13:11:41 [info] : [ExpiredChannel] Received expired key: room:game:endafter:lock:10
2026-02-13 13:11:41: 2026-02-13 13:11:41 [info] : [EXEC] ExpiredChannel - Args: [ 'room:game:endafter:lock:28', [Commander], [Namespace], [Namespace], [Namespace] ]
2026-02-13 13:11:41: 2026-02-13 13:11:41 [info] : [ExpiredChannel] Received expired key: room:game:endafter:lock:28
2026-02-13 13:11:41: 2026-02-13 13:11:41 [info] : [DONE] ExpiredChannel - Duration: 2ms
2026-02-13 13:11:41: 2026-02-13 13:11:41 [info] : [DONE] ExpiredChannel - Duration: 1ms
2026-02-13 13:11:41: 2026-02-13 13:11:41 [info] : [DONE] ExpiredChannel - Duration: 1ms
2026-02-13 13:11:41: 2026-02-13 13:11:41 [info] : [DONE] ExpiredChannel - Duration: 1ms
2026-02-13 13:11:41: 2026-02-13 13:11:41 [info] : [DONE] ExpiredChannel - Duration: 1ms
2026-02-13 13:11:41: 2026-02-13 13:11:41 [info] : [DONE] ExpiredChannel - Duration: 1ms
2026-02-13 13:11:41: 2026-02-13 13:11:41 [info] : [DONE] ExpiredChannel - Duration: 3ms
2026-02-13 13:11:41: 2026-02-13 13:11:41 [info] : [DONE] ExpiredChannel - Duration: 21ms
2026-02-13 13:11:41: 2026-02-13 13:11:41 [info] : [EXEC] ExpiredChannel - Args: [ 'room:game:end:44', [Commander], [Namespace], [Namespace], [Namespace] ]
2026-02-13 13:11:41: 2026-02-13 13:11:41 [info] : [ExpiredChannel] Received expired key: room:game:end:44
2026-02-13 13:11:41: 2026-02-13 13:11:41 [info] : [EXEC] ExpiredChannel - Args: [ 'room:game:end:44', [Commander], [Namespace], [Namespace], [Namespace] ]
2026-02-13 13:11:41: 2026-02-13 13:11:41 [info] : [ExpiredChannel] Received expired key: room:game:end:44
2026-02-13 13:11:41: 2026-02-13 13:11:41 [info] : [DONE] ExpiredChannel - Duration: 1ms
2026-02-13 13:11:41: 2026-02-13 13:11:41 [info] : [EXEC] ExpiredChannel - Args: [ 'room:game:end:35', [Commander], [Namespace], [Namespace], [Namespace] ]
2026-02-13 13:11:41: 2026-02-13 13:11:41 [info] : [ExpiredChannel] Received expired key: room:game:end:35
2026-02-13 13:11:41: 2026-02-13 13:11:41 [info] : [EXEC] ExpiredChannel - Args: [ 'room:game:end:35', [Commander], [Namespace], [Namespace], [Namespace] ]
2026-02-13 13:11:41: 2026-02-13 13:11:41 [info] : [ExpiredChannel] Received expired key: room:game:end:35
2026-02-13 13:11:41: 2026-02-13 13:11:41 [info] : [EXEC] ExpiredChannel - Args: [ 'room:game:end:22', [Commander], [Namespace], [Namespace], [Namespace] ]
2026-02-13 13:11:41: 2026-02-13 13:11:41 [info] : [ExpiredChannel] Received expired key: room:game:end:22
2026-02-13 13:11:41: 2026-02-13 13:11:41 [info] : [DONE] ExpiredChannel - Duration: 0ms
2026-02-13 13:11:41: 2026-02-13 13:11:41 [info] : [EXEC] ExpiredChannel - Args: [ 'room:game:end:22', [Commander], [Namespace], [Namespace], [Namespace] ]
2026-02-13 13:11:41: 2026-02-13 13:11:41 [info] : [ExpiredChannel] Received expired key: room:game:end:22
2026-02-13 13:11:41: 2026-02-13 13:11:41 [info] : [DONE] ExpiredChannel - Duration: 0ms
2026-02-13 13:11:41: 2026-02-13 13:11:41 [info] : [EXEC] ExpiredChannel - Args: [ 'room:game:end:34', [Commander], [Namespace], [Namespace], [Namespace] ]
2026-02-13 13:11:41: 2026-02-13 13:11:41 [info] : [ExpiredChannel] Received expired key: room:game:end:34
2026-02-13 13:11:41: 2026-02-13 13:11:41 [info] : [EXEC] ExpiredChannel - Args: [ 'room:game:end:34', [Commander], [Namespace], [Namespace], [Namespace] ]
2026-02-13 13:11:41: 2026-02-13 13:11:41 [info] : [ExpiredChannel] Received expired key: room:game:end:34
2026-02-13 13:11:41: 2026-02-13 13:11:41 [info] : [DONE] ExpiredChannel - Duration: 1ms
2026-02-13 13:11:41: 2026-02-13 13:11:41 [info] : [EXEC] ExpiredChannel - Args: [ 'room:game:endafter:lock:50', [Commander], [Namespace], [Namespace], [Namespace] ]
2026-02-13 13:11:41: 2026-02-13 13:11:41 [info] : [ExpiredChannel] Received expired key: room:game:endafter:lock:50
2026-02-13 13:11:41: 2026-02-13 13:11:41 [info] : [EXEC] ExpiredChannel - Args: [ 'room:game:end:23', [Commander], [Namespace], [Namespace], [Namespace] ]
2026-02-13 13:11:41: 2026-02-13 13:11:41 [info] : [ExpiredChannel] Received expired key: room:game:end:23
2026-02-13 13:11:41: 2026-02-13 13:11:41 [info] : [DONE] ExpiredChannel - Duration: 0ms
2026-02-13 13:11:41: 2026-02-13 13:11:41 [info] : [EXEC] ExpiredChannel - Args: [ 'room:game:endafter:lock:50', [Commander], [Namespace], [Namespace], [Namespace] ]
2026-02-13 13:11:41: 2026-02-13 13:11:41 [info] : [ExpiredChannel] Received expired key: room:game:endafter:lock:50
2026-02-13 13:11:41: 2026-02-13 13:11:41 [info] : [EXEC] ExpiredChannel - Args: [ 'room:game:end:23', [Commander], [Namespace], [Namespace], [Namespace] ]
2026-02-13 13:11:41: 2026-02-13 13:11:41 [info] : [ExpiredChannel] Received expired key: room:game:end:23
2026-02-13 13:11:41: 2026-02-13 13:11:41 [info] : [DONE] ExpiredChannel - Duration: 2ms
2026-02-13 13:11:41: 2026-02-13 13:11:41 [info] : [EXEC] ExpiredChannel - Args: [ 'room:game:end:36', [Commander], [Namespace], [Namespace], [Namespace] ]
2026-02-13 13:11:41: 2026-02-13 13:11:41 [info] : [ExpiredChannel] Received expired key: room:game:end:36
2026-02-13 13:11:41: 2026-02-13 13:11:41 [info] : [DONE] ExpiredChannel - Duration: 2ms
2026-02-13 13:11:41: 2026-02-13 13:11:41 [info] : [EXEC] ExpiredChannel - Args: [ 'room:game:end:36', [Commander], [Namespace], [Namespace], [Namespace] ]
2026-02-13 13:11:41: 2026-02-13 13:11:41 [info] : [ExpiredChannel] Received expired key: room:game:end:36
2026-02-13 13:11:41: 2026-02-13 13:11:41 [info] : [DONE] ExpiredChannel - Duration: 1ms
2026-02-13 13:11:41: 2026-02-13 13:11:41 [info] : [EXEC] ExpiredChannel - Args: [ 'room:game:end:46', [Commander], [Namespace], [Namespace], [Namespace] ]
2026-02-13 13:11:41: 2026-02-13 13:11:41 [info] : [ExpiredChannel] Received expired key: room:game:end:46
2026-02-13 13:11:41: 2026-02-13 13:11:41 [info] : [EXEC] ExpiredChannel - Args: [ 'room:game:end:46', [Commander], [Namespace], [Namespace], [Namespace] ]
2026-02-13 13:11:41: 2026-02-13 13:11:41 [info] : [ExpiredChannel] Received expired key: room:game:end:46
2026-02-13 13:11:41: 2026-02-13 13:11:41 [info] : [DONE] ExpiredChannel - Duration: 1ms
2026-02-13 13:11:41: 2026-02-13 13:11:41 [info] : [DONE] ExpiredChannel - Duration: 29ms
2026-02-13 13:11:41: 2026-02-13 13:11:41 [info] : [DONE] ExpiredChannel - Duration: 27ms
2026-02-13 13:11:41: 2026-02-13 13:11:41 [info] : [DONE] ExpiredChannel - Duration: 32ms
2026-02-13 13:11:41: 2026-02-13 13:11:41 [info] : [DONE] ExpiredChannel - Duration: 31ms
2026-02-13 13:11:41: 2026-02-13 13:11:41 [info] : [DONE] ExpiredChannel - Duration: 33ms
2026-02-13 13:11:41: 2026-02-13 13:11:41 [info] : [DONE] ExpiredChannel - Duration: 32ms
2026-02-13 13:11:41: 2026-02-13 13:11:41 [info] : [DONE] ExpiredChannel - Duration: 31ms
2026-02-13 13:11:41: 2026-02-13 13:11:41 [info] : [EXEC] ExpiredChannel - Args: [ 'room:game:endafter:lock:45', [Commander], [Namespace], [Namespace], [Namespace] ]
2026-02-13 13:11:41: 2026-02-13 13:11:41 [info] : [ExpiredChannel] Received expired key: room:game:endafter:lock:45
2026-02-13 13:11:41: 2026-02-13 13:11:41 [info] : [DONE] ExpiredChannel - Duration: 0ms
2026-02-13 13:11:41: 2026-02-13 13:11:41 [info] : [EXEC] ExpiredChannel - Args: [ 'room:game:endafter:lock:45', [Commander], [Namespace], [Namespace], [Namespace] ]
2026-02-13 13:11:41: 2026-02-13 13:11:41 [info] : [ExpiredChannel] Received expired key: room:game:endafter:lock:45
2026-02-13 13:11:41: 2026-02-13 13:11:41 [info] : [DONE] ExpiredChannel - Duration: 0ms
2026-02-13 13:11:41: 2026-02-13 13:11:41 [info] : [EXEC] ExpiredChannel - Args: [ 'room:game:endafter:lock:44', [Commander], [Namespace], [Namespace], [Namespace] ]
2026-02-13 13:11:41: 2026-02-13 13:11:41 [info] : [ExpiredChannel] Received expired key: room:game:endafter:lock:44
2026-02-13 13:11:41: 2026-02-13 13:11:41 [info] : [DONE] ExpiredChannel - Duration: 0ms
2026-02-13 13:11:41: 2026-02-13 13:11:41 [info] : [EXEC] ExpiredChannel - Args: [ 'room:game:endafter:lock:44', [Commander], [Namespace], [Namespace], [Namespace] ]
2026-02-13 13:11:41: 2026-02-13 13:11:41 [info] : [ExpiredChannel] Received expired key: room:game:endafter:lock:44
2026-02-13 13:11:41: 2026-02-13 13:11:41 [info] : [DONE] ExpiredChannel - Duration: 0ms
2026-02-13 13:11:41: 2026-02-13 13:11:41 [info] : [EXEC] ExpiredChannel - Args: [ 'room:game:endafter:lock:26', [Commander], [Namespace], [Namespace], [Namespace] ]
2026-02-13 13:11:41: 2026-02-13 13:11:41 [info] : [ExpiredChannel] Received expired key: room:game:endafter:lock:26
2026-02-13 13:11:41: 2026-02-13 13:11:41 [info] : [DONE] ExpiredChannel - Duration: 0ms
2026-02-13 13:11:41: 2026-02-13 13:11:41 [info] : [EXEC] ExpiredChannel - Args: [ 'room:game:endafter:lock:26', [Commander], [Namespace], [Namespace], [Namespace] ]
2026-02-13 13:11:41: 2026-02-13 13:11:41 [info] : [ExpiredChannel] Received expired key: room:game:endafter:lock:26
2026-02-13 13:11:41: 2026-02-13 13:11:41 [info] : [DONE] ExpiredChannel - Duration: 1ms
2026-02-13 13:11:41: 2026-02-13 13:11:41 [info] : [EXEC] ExpiredChannel - Args: [ 'room:game:endafter:lock:31', [Commander], [Namespace], [Namespace], [Namespace] ]
2026-02-13 13:11:41: 2026-02-13 13:11:41 [info] : [ExpiredChannel] Received expired key: room:game:endafter:lock:31
2026-02-13 13:11:41: 2026-02-13 13:11:41 [info] : [EXEC] ExpiredChannel - Args: [ 'room:game:endafter:lock:49', [Commander], [Namespace], [Namespace], [Namespace] ]
2026-02-13 13:11:41: 2026-02-13 13:11:41 [info] : [ExpiredChannel] Received expired key: room:game:endafter:lock:49
2026-02-13 13:11:41: 2026-02-13 13:11:41 [info] : [EXEC] ExpiredChannel - Args: [ 'room:game:endafter:lock:31', [Commander], [Namespace], [Namespace], [Namespace] ]
2026-02-13 13:11:41: 2026-02-13 13:11:41 [info] : [ExpiredChannel] Received expired key: room:game:endafter:lock:31
2026-02-13 13:11:41: 2026-02-13 13:11:41 [info] : [EXEC] ExpiredChannel - Args: [ 'room:game:endafter:lock:49', [Commander], [Namespace], [Namespace], [Namespace] ]
2026-02-13 13:11:41: 2026-02-13 13:11:41 [info] : [ExpiredChannel] Received expired key: room:game:endafter:lock:49
2026-02-13 13:11:41: 2026-02-13 13:11:41 [info] : [DONE] ExpiredChannel - Duration: 2ms
2026-02-13 13:11:41: 2026-02-13 13:11:41 [info] : [DONE] ExpiredChannel - Duration: 1ms
2026-02-13 13:11:41: 2026-02-13 13:11:41 [info] : [DONE] ExpiredChannel - Duration: 2ms
2026-02-13 13:11:41: 2026-02-13 13:11:41 [info] : [DONE] ExpiredChannel - Duration: 1ms
2026-02-13 13:11:42: 2026-02-13 13:11:42 [info] : [EXEC] ExpiredChannel - Args: [ 'room:game:endafter:lock:2', [Commander], [Namespace], [Namespace], [Namespace] ]
2026-02-13 13:11:42: 2026-02-13 13:11:42 [info] : [ExpiredChannel] Received expired key: room:game:endafter:lock:2
2026-02-13 13:11:42: 2026-02-13 13:11:42 [info] : [EXEC] ExpiredChannel - Args: [ 'room:game:endafter:lock:9', [Commander], [Namespace], [Namespace], [Namespace] ]
2026-02-13 13:11:42: 2026-02-13 13:11:42 [info] : [ExpiredChannel] Received expired key: room:game:endafter:lock:9
2026-02-13 13:11:42: 2026-02-13 13:11:42 [info] : [DONE] ExpiredChannel - Duration: 0ms
2026-02-13 13:11:42: 2026-02-13 13:11:42 [info] : [DONE] ExpiredChannel - Duration: 0ms
2026-02-13 13:11:42: 2026-02-13 13:11:42 [info] : [EXEC] ExpiredChannel - Args: [ 'room:game:endafter:lock:2', [Commander], [Namespace], [Namespace], [Namespace] ]
2026-02-13 13:11:42: 2026-02-13 13:11:42 [info] : [ExpiredChannel] Received expired key: room:game:endafter:lock:2
2026-02-13 13:11:42: 2026-02-13 13:11:42 [info] : [EXEC] ExpiredChannel - Args: [ 'room:game:endafter:lock:9', [Commander], [Namespace], [Namespace], [Namespace] ]
2026-02-13 13:11:42: 2026-02-13 13:11:42 [info] : [ExpiredChannel] Received expired key: room:game:endafter:lock:9
2026-02-13 13:11:42: 2026-02-13 13:11:42 [info] : [DONE] ExpiredChannel - Duration: 1ms
2026-02-13 13:11:42: 2026-02-13 13:11:42 [info] : [DONE] ExpiredChannel - Duration: 1ms
2026-02-13 13:11:42: 2026-02-13 13:11:42 [info] : [EXEC] ExpiredChannel - Args: [ 'room:game:endafter:lock:8', [Commander], [Namespace], [Namespace], [Namespace] ]
2026-02-13 13:11:42: 2026-02-13 13:11:42 [info] : [ExpiredChannel] Received expired key: room:game:endafter:lock:8
2026-02-13 13:11:42: 2026-02-13 13:11:42 [info] : [DONE] ExpiredChannel - Duration: 1ms
2026-02-13 13:11:42: 2026-02-13 13:11:42 [info] : [EXEC] ExpiredChannel - Args: [ 'room:game:endafter:lock:8', [Commander], [Namespace], [Namespace], [Namespace] ]
2026-02-13 13:11:42: 2026-02-13 13:11:42 [info] : [ExpiredChannel] Received expired key: room:game:endafter:lock:8
2026-02-13 13:11:42: 2026-02-13 13:11:42 [info] : [DONE] ExpiredChannel - Duration: 1ms
2026-02-13 13:11:42: 2026-02-13 13:11:42 [info] : [EXEC] ExpiredChannel - Args: [ 'room:game:endafter:lock:30', [Commander], [Namespace], [Namespace], [Namespace] ]
2026-02-13 13:11:42: 2026-02-13 13:11:42 [info] : [ExpiredChannel] Received expired key: room:game:endafter:lock:30
2026-02-13 13:11:42: 2026-02-13 13:11:42 [info] : [EXEC] ExpiredChannel - Args: [ 'room:game:endafter:lock:34', [Commander], [Namespace], [Namespace], [Namespace] ]
2026-02-13 13:11:42: 2026-02-13 13:11:42 [info] : [ExpiredChannel] Received expired key: room:game:endafter:lock:34
2026-02-13 13:11:42: 2026-02-13 13:11:42 [info] : [DONE] ExpiredChannel - Duration: 1ms
2026-02-13 13:11:42: 2026-02-13 13:11:42 [info] : [DONE] ExpiredChannel - Duration: 0ms
2026-02-13 13:11:42: 2026-02-13 13:11:42 [info] : [EXEC] ExpiredChannel - Args: [ 'room:game:endafter:lock:30', [Commander], [Namespace], [Namespace], [Namespace] ]
2026-02-13 13:11:42: 2026-02-13 13:11:42 [info] : [ExpiredChannel] Received expired key: room:game:endafter:lock:30
2026-02-13 13:11:42: 2026-02-13 13:11:42 [info] : [EXEC] ExpiredChannel - Args: [ 'room:game:endafter:lock:34', [Commander], [Namespace], [Namespace], [Namespace] ]
2026-02-13 13:11:42: 2026-02-13 13:11:42 [info] : [ExpiredChannel] Received expired key: room:game:endafter:lock:34
2026-02-13 13:11:42: 2026-02-13 13:11:42 [info] : [DONE] ExpiredChannel - Duration: 1ms
2026-02-13 13:11:42: 2026-02-13 13:11:42 [info] : [DONE] ExpiredChannel - Duration: 0ms
2026-02-13 13:11:42: 2026-02-13 13:11:42 [info] : [EXEC] ExpiredChannel - Args: [ 'room:game:endafter:lock:12', [Commander], [Namespace], [Namespace], [Namespace] ]
2026-02-13 13:11:42: 2026-02-13 13:11:42 [info] : [ExpiredChannel] Received expired key: room:game:endafter:lock:12
2026-02-13 13:11:42: 2026-02-13 13:11:42 [info] : [DONE] ExpiredChannel - Duration: 1ms
2026-02-13 13:11:42: 2026-02-13 13:11:42 [info] : [EXEC] ExpiredChannel - Args: [ 'room:game:endafter:lock:12', [Commander], [Namespace], [Namespace], [Namespace] ]
2026-02-13 13:11:42: 2026-02-13 13:11:42 [info] : [ExpiredChannel] Received expired key: room:game:endafter:lock:12
2026-02-13 13:11:42: 2026-02-13 13:11:42 [info] : [DONE] ExpiredChannel - Duration: 1ms
2026-02-13 13:11:42: 2026-02-13 13:11:42 [info] : [EXEC] ExpiredChannel - Args: [ 'room:game:endafter:lock:41', [Commander], [Namespace], [Namespace], [Namespace] ]
2026-02-13 13:11:42: 2026-02-13 13:11:42 [info] : [ExpiredChannel] Received expired key: room:game:endafter:lock:41
2026-02-13 13:11:42: 2026-02-13 13:11:42 [info] : [DONE] ExpiredChannel - Duration: 1ms
2026-02-13 13:11:42: 2026-02-13 13:11:42 [info] : [EXEC] ExpiredChannel - Args: [ 'room:game:endafter:lock:41', [Commander], [Namespace], [Namespace], [Namespace] ]
2026-02-13 13:11:42: 2026-02-13 13:11:42 [info] : [ExpiredChannel] Received expired key: room:game:endafter:lock:41
2026-02-13 13:11:42: 2026-02-13 13:11:42 [info] : [DONE] ExpiredChannel - Duration: 1ms
2026-02-13 13:11:43: 2026-02-13 13:11:43 [info] : [EXEC] ExpiredChannel - Args: [ 'room:game:endafter:lock:32', [Commander], [Namespace], [Namespace], [Namespace] ]
2026-02-13 13:11:43: 2026-02-13 13:11:43 [info] : [ExpiredChannel] Received expired key: room:game:endafter:lock:32
2026-02-13 13:11:43: 2026-02-13 13:11:43 [info] : [EXEC] ExpiredChannel - Args: [ 'room:game:endafter:lock:20', [Commander], [Namespace], [Namespace], [Namespace] ]
2026-02-13 13:11:43: 2026-02-13 13:11:43 [info] : [ExpiredChannel] Received expired key: room:game:endafter:lock:20
2026-02-13 13:11:43: 2026-02-13 13:11:43 [info] : [DONE] ExpiredChannel - Duration: 1ms
2026-02-13 13:11:43: 2026-02-13 13:11:43 [info] : [DONE] ExpiredChannel - Duration: 0ms
2026-02-13 13:11:43: 2026-02-13 13:11:43 [info] : [EXEC] ExpiredChannel - Args: [ 'room:game:endafter:lock:32', [Commander], [Namespace], [Namespace], [Namespace] ]
2026-02-13 13:11:43: 2026-02-13 13:11:43 [info] : [ExpiredChannel] Received expired key: room:game:endafter:lock:32
2026-02-13 13:11:43: 2026-02-13 13:11:43 [info] : [EXEC] ExpiredChannel - Args: [ 'room:game:endafter:lock:20', [Commander], [Namespace], [Namespace], [Namespace] ]
2026-02-13 13:11:43: 2026-02-13 13:11:43 [info] : [ExpiredChannel] Received expired key: room:game:endafter:lock:20
2026-02-13 13:11:43: 2026-02-13 13:11:43 [info] : [DONE] ExpiredChannel - Duration: 1ms
2026-02-13 13:11:43: 2026-02-13 13:11:43 [info] : [DONE] ExpiredChannel - Duration: 1ms
2026-02-13 13:11:43: 2026-02-13 13:11:43 [info] : [EXEC] ExpiredChannel - Args: [ 'room:game:endafter:lock:27', [Commander], [Namespace], [Namespace], [Namespace] ]
2026-02-13 13:11:43: 2026-02-13 13:11:43 [info] : [ExpiredChannel] Received expired key: room:game:endafter:lock:27
2026-02-13 13:11:43: 2026-02-13 13:11:43 [info] : [DONE] ExpiredChannel - Duration: 1ms
2026-02-13 13:11:43: 2026-02-13 13:11:43 [info] : [EXEC] ExpiredChannel - Args: [ 'room:game:endafter:lock:27', [Commander], [Namespace], [Namespace], [Namespace] ]
2026-02-13 13:11:43: 2026-02-13 13:11:43 [info] : [ExpiredChannel] Received expired key: room:game:endafter:lock:27
2026-02-13 13:11:43: 2026-02-13 13:11:43 [info] : [DONE] ExpiredChannel - Duration: 1ms
2026-02-13 13:11:43: 2026-02-13 13:11:43 [info] : [EXEC] ExpiredChannel - Args: [ 'room:game:endafter:lock:38', [Commander], [Namespace], [Namespace], [Namespace] ]
2026-02-13 13:11:43: 2026-02-13 13:11:43 [info] : [ExpiredChannel] Received expired key: room:game:endafter:lock:38
2026-02-13 13:11:43: 2026-02-13 13:11:43 [info] : [DONE] ExpiredChannel - Duration: 1ms
2026-02-13 13:11:43: 2026-02-13 13:11:43 [info] : [EXEC] ExpiredChannel - Args: [ 'room:game:endafter:lock:38', [Commander], [Namespace], [Namespace], [Namespace] ]
2026-02-13 13:11:43: 2026-02-13 13:11:43 [info] : [ExpiredChannel] Received expired key: room:game:endafter:lock:38
2026-02-13 13:11:43: 2026-02-13 13:11:43 [info] : [DONE] ExpiredChannel - Duration: 0ms
2026-02-13 13:11:43: 2026-02-13 13:11:43 [info] : [EXEC] ExpiredChannel - Args: [ 'room:game:endafter:lock:19', [Commander], [Namespace], [Namespace], [Namespace] ]
2026-02-13 13:11:43: 2026-02-13 13:11:43 [info] : [ExpiredChannel] Received expired key: room:game:endafter:lock:19
2026-02-13 13:11:43: 2026-02-13 13:11:43 [info] : [DONE] ExpiredChannel - Duration: 1ms
2026-02-13 13:11:43: 2026-02-13 13:11:43 [info] : [EXEC] ExpiredChannel - Args: [ 'room:game:endafter:lock:19', [Commander], [Namespace], [Namespace], [Namespace] ]
2026-02-13 13:11:43: 2026-02-13 13:11:43 [info] : [ExpiredChannel] Received expired key: room:game:endafter:lock:19
2026-02-13 13:11:43: 2026-02-13 13:11:43 [info] : [DONE] ExpiredChannel - Duration: 1ms
2026-02-13 13:11:43: 2026-02-13 13:11:43 [info] : [EXEC] ExpiredChannel - Args: [ 'room:game:endafter:lock:16', [Commander], [Namespace], [Namespace], [Namespace] ]
2026-02-13 13:11:43: 2026-02-13 13:11:43 [info] : [ExpiredChannel] Received expired key: room:game:endafter:lock:16
2026-02-13 13:11:43: 2026-02-13 13:11:43 [info] : [DONE] ExpiredChannel - Duration: 1ms
2026-02-13 13:11:43: 2026-02-13 13:11:43 [info] : [EXEC] ExpiredChannel - Args: [ 'room:game:endafter:lock:16', [Commander], [Namespace], [Namespace], [Namespace] ]
2026-02-13 13:11:43: 2026-02-13 13:11:43 [info] : [ExpiredChannel] Received expired key: room:game:endafter:lock:16
2026-02-13 13:11:43: 2026-02-13 13:11:43 [info] : [DONE] ExpiredChannel - Duration: 1ms
2026-02-13 13:11:43: 2026-02-13 13:11:43 [info] : [EXEC] ExpiredChannel - Args: [ 'room:game:endafter:lock:22', [Commander], [Namespace], [Namespace], [Namespace] ]
2026-02-13 13:11:43: 2026-02-13 13:11:43 [info] : [ExpiredChannel] Received expired key: room:game:endafter:lock:22
2026-02-13 13:11:43: 2026-02-13 13:11:43 [info] : [EXEC] ExpiredChannel - Args: [ 'room:game:endafter:lock:14', [Commander], [Namespace], [Namespace], [Namespace] ]
2026-02-13 13:11:43: 2026-02-13 13:11:43 [info] : [ExpiredChannel] Received expired key: room:game:endafter:lock:14
2026-02-13 13:11:43: 2026-02-13 13:11:43 [info] : [DONE] ExpiredChannel - Duration: 1ms
2026-02-13 13:11:43: 2026-02-13 13:11:43 [info] : [EXEC] ExpiredChannel - Args: [ 'room:game:endafter:lock:22', [Commander], [Namespace], [Namespace], [Namespace] ]
2026-02-13 13:11:43: 2026-02-13 13:11:43 [info] : [ExpiredChannel] Received expired key: room:game:endafter:lock:22
2026-02-13 13:11:43: 2026-02-13 13:11:43 [info] : [EXEC] ExpiredChannel - Args: [ 'room:game:endafter:lock:14', [Commander], [Namespace], [Namespace], [Namespace] ]
2026-02-13 13:11:43: 2026-02-13 13:11:43 [info] : [ExpiredChannel] Received expired key: room:game:endafter:lock:14
2026-02-13 13:11:43: 2026-02-13 13:11:43 [info] : [DONE] ExpiredChannel - Duration: 0ms
2026-02-13 13:11:43: 2026-02-13 13:11:43 [info] : [DONE] ExpiredChannel - Duration: 1ms
2026-02-13 13:11:43: 2026-02-13 13:11:43 [info] : [DONE] ExpiredChannel - Duration: 1ms
2026-02-13 13:11:44: 2026-02-13 13:11:44 [info] : [EXEC] ExpiredChannel - Args: [ 'room:game:endafter:lock:39', [Commander], [Namespace], [Namespace], [Namespace] ]
2026-02-13 13:11:44: 2026-02-13 13:11:44 [info] : [ExpiredChannel] Received expired key: room:game:endafter:lock:39
2026-02-13 13:11:44: 2026-02-13 13:11:44 [info] : [DONE] ExpiredChannel - Duration: 1ms
2026-02-13 13:11:44: 2026-02-13 13:11:44 [info] : [EXEC] ExpiredChannel - Args: [ 'room:game:endafter:lock:39', [Commander], [Namespace], [Namespace], [Namespace] ]
2026-02-13 13:11:44: 2026-02-13 13:11:44 [info] : [ExpiredChannel] Received expired key: room:game:endafter:lock:39
2026-02-13 13:11:44: 2026-02-13 13:11:44 [info] : [DONE] ExpiredChannel - Duration: 1ms
2026-02-13 13:11:44: 2026-02-13 13:11:44 [info] : [EXEC] ExpiredChannel - Args: [ 'room:game:endafter:lock:47', [Commander], [Namespace], [Namespace], [Namespace] ]
2026-02-13 13:11:44: 2026-02-13 13:11:44 [info] : [ExpiredChannel] Received expired key: room:game:endafter:lock:47
2026-02-13 13:11:44: 2026-02-13 13:11:44 [info] : [DONE] ExpiredChannel - Duration: 0ms
2026-02-13 13:11:44: 2026-02-13 13:11:44 [info] : [EXEC] ExpiredChannel - Args: [ 'room:game:endafter:lock:47', [Commander], [Namespace], [Namespace], [Namespace] ]
2026-02-13 13:11:44: 2026-02-13 13:11:44 [info] : [ExpiredChannel] Received expired key: room:game:endafter:lock:47
2026-02-13 13:11:44: 2026-02-13 13:11:44 [info] : [DONE] ExpiredChannel - Duration: 0ms
2026-02-13 13:11:44: 2026-02-13 13:11:44 [info] : [EXEC] ExpiredChannel - Args: [ 'room:game:endafter:lock:17', [Commander], [Namespace], [Namespace], [Namespace] ]
2026-02-13 13:11:44: 2026-02-13 13:11:44 [info] : [ExpiredChannel] Received expired key: room:game:endafter:lock:17
2026-02-13 13:11:44: 2026-02-13 13:11:44 [info] : [DONE] ExpiredChannel - Duration: 0ms
2026-02-13 13:11:44: 2026-02-13 13:11:44 [info] : [EXEC] ExpiredChannel - Args: [ 'room:game:endafter:lock:17', [Commander], [Namespace], [Namespace], [Namespace] ]
2026-02-13 13:11:44: 2026-02-13 13:11:44 [info] : [ExpiredChannel] Received expired key: room:game:endafter:lock:17
2026-02-13 13:11:44: 2026-02-13 13:11:44 [info] : [DONE] ExpiredChannel - Duration: 0ms
2026-02-13 13:11:44: 2026-02-13 13:11:44 [info] : [EXEC] ExpiredChannel - Args: [ 'room:game:endafter:lock:35', [Commander], [Namespace], [Namespace], [Namespace] ]
2026-02-13 13:11:44: 2026-02-13 13:11:44 [info] : [ExpiredChannel] Received expired key: room:game:endafter:lock:35
2026-02-13 13:11:44: 2026-02-13 13:11:44 [info] : [DONE] ExpiredChannel - Duration: 1ms
2026-02-13 13:11:44: 2026-02-13 13:11:44 [info] : [EXEC] ExpiredChannel - Args: [ 'room:game:endafter:lock:35', [Commander], [Namespace], [Namespace], [Namespace] ]
2026-02-13 13:11:44: 2026-02-13 13:11:44 [info] : [ExpiredChannel] Received expired key: room:game:endafter:lock:35
2026-02-13 13:11:44: 2026-02-13 13:11:44 [info] : [DONE] ExpiredChannel - Duration: 1ms
2026-02-13 13:11:44: 2026-02-13 13:11:44 [info] : [EXEC] ExpiredChannel - Args: [ 'room:game:endafter:lock:24', [Commander], [Namespace], [Namespace], [Namespace] ]
2026-02-13 13:11:44: 2026-02-13 13:11:44 [info] : [ExpiredChannel] Received expired key: room:game:endafter:lock:24
2026-02-13 13:11:44: 2026-02-13 13:11:44 [info] : [DONE] ExpiredChannel - Duration: 1ms
2026-02-13 13:11:44: 2026-02-13 13:11:44 [info] : [EXEC] ExpiredChannel - Args: [ 'room:game:endafter:lock:24', [Commander], [Namespace], [Namespace], [Namespace] ]
2026-02-13 13:11:44: 2026-02-13 13:11:44 [info] : [ExpiredChannel] Received expired key: room:game:endafter:lock:24
2026-02-13 13:11:44: 2026-02-13 13:11:44 [info] : [DONE] ExpiredChannel - Duration: 1ms
2026-02-13 13:11:44: 2026-02-13 13:11:44 [info] : [EXEC] ExpiredChannel - Args: [ 'room:game:endafter:lock:29', [Commander], [Namespace], [Namespace], [Namespace] ]
2026-02-13 13:11:44: 2026-02-13 13:11:44 [info] : [ExpiredChannel] Received expired key: room:game:endafter:lock:29
2026-02-13 13:11:44: 2026-02-13 13:11:44 [info] : [DONE] ExpiredChannel - Duration: 1ms
2026-02-13 13:11:44: 2026-02-13 13:11:44 [info] : [EXEC] ExpiredChannel - Args: [ 'room:game:endafter:lock:29', [Commander], [Namespace], [Namespace], [Namespace] ]
2026-02-13 13:11:44: 2026-02-13 13:11:44 [info] : [ExpiredChannel] Received expired key: room:game:endafter:lock:29
2026-02-13 13:11:44: 2026-02-13 13:11:44 [info] : [DONE] ExpiredChannel - Duration: 1ms
2026-02-13 13:11:45: 2026-02-13 13:11:45 [info] : [EXEC] ExpiredChannel - Args: [ 'room:game:endafter:lock:40', [Commander], [Namespace], [Namespace], [Namespace] ]
2026-02-13 13:11:45: 2026-02-13 13:11:45 [info] : [ExpiredChannel] Received expired key: room:game:endafter:lock:40
2026-02-13 13:11:45: 2026-02-13 13:11:45 [info] : [DONE] ExpiredChannel - Duration: 1ms
2026-02-13 13:11:45: 2026-02-13 13:11:45 [info] : [EXEC] ExpiredChannel - Args: [ 'room:game:endafter:lock:40', [Commander], [Namespace], [Namespace], [Namespace] ]
2026-02-13 13:11:45: 2026-02-13 13:11:45 [info] : [ExpiredChannel] Received expired key: room:game:endafter:lock:40
2026-02-13 13:11:45: 2026-02-13 13:11:45 [info] : [DONE] ExpiredChannel - Duration: 1ms
2026-02-13 13:11:45: 2026-02-13 13:11:45 [info] : [EXEC] ExpiredChannel - Args: [ 'room:game:endafter:lock:18', [Commander], [Namespace], [Namespace], [Namespace] ]
2026-02-13 13:11:45: 2026-02-13 13:11:45 [info] : [ExpiredChannel] Received expired key: room:game:endafter:lock:18
2026-02-13 13:11:45: 2026-02-13 13:11:45 [info] : [EXEC] ExpiredChannel - Args: [ 'room:game:endafter:lock:13', [Commander], [Namespace], [Namespace], [Namespace] ]
2026-02-13 13:11:45: 2026-02-13 13:11:45 [info] : [ExpiredChannel] Received expired key: room:game:endafter:lock:13
2026-02-13 13:11:45: 2026-02-13 13:11:45 [info] : [EXEC] ExpiredChannel - Args: [ 'room:game:endafter:lock:7', [Commander], [Namespace], [Namespace], [Namespace] ]
2026-02-13 13:11:45: 2026-02-13 13:11:45 [info] : [ExpiredChannel] Received expired key: room:game:endafter:lock:7
2026-02-13 13:11:45: 2026-02-13 13:11:45 [info] : [EXEC] ExpiredChannel - Args: [ 'room:game:endafter:lock:6', [Commander], [Namespace], [Namespace], [Namespace] ]
2026-02-13 13:11:45: 2026-02-13 13:11:45 [info] : [EXEC] ExpiredChannel - Args: [ 'room:game:endafter:lock:18', [Commander], [Namespace], [Namespace], [Namespace] ]
2026-02-13 13:11:45: 2026-02-13 13:11:45 [info] : [ExpiredChannel] Received expired key: room:game:endafter:lock:18
2026-02-13 13:11:45: 2026-02-13 13:11:45 [info] : [EXEC] ExpiredChannel - Args: [ 'room:game:endafter:lock:13', [Commander], [Namespace], [Namespace], [Namespace] ]
2026-02-13 13:11:45: 2026-02-13 13:11:45 [info] : [ExpiredChannel] Received expired key: room:game:endafter:lock:13
2026-02-13 13:11:45: 2026-02-13 13:11:45 [info] : [ExpiredChannel] Received expired key: room:game:endafter:lock:6
2026-02-13 13:11:45: 2026-02-13 13:11:45 [info] : [EXEC] ExpiredChannel - Args: [ 'room:game:endafter:lock:48', [Commander], [Namespace], [Namespace], [Namespace] ]
2026-02-13 13:11:45: 2026-02-13 13:11:45 [info] : [ExpiredChannel] Received expired key: room:game:endafter:lock:48
2026-02-13 13:11:45: 2026-02-13 13:11:45 [info] : [DONE] ExpiredChannel - Duration: 1ms
2026-02-13 13:11:45: 2026-02-13 13:11:45 [info] : [DONE] ExpiredChannel - Duration: 0ms
2026-02-13 13:11:45: 2026-02-13 13:11:45 [info] : [DONE] ExpiredChannel - Duration: 0ms
2026-02-13 13:11:45: 2026-02-13 13:11:45 [info] : [DONE] ExpiredChannel - Duration: 0ms
2026-02-13 13:11:45: 2026-02-13 13:11:45 [info] : [DONE] ExpiredChannel - Duration: 0ms
2026-02-13 13:11:45: 2026-02-13 13:11:45 [info] : [EXEC] ExpiredChannel - Args: [ 'room:game:endafter:lock:7', [Commander], [Namespace], [Namespace], [Namespace] ]
2026-02-13 13:11:45: 2026-02-13 13:11:45 [info] : [ExpiredChannel] Received expired key: room:game:endafter:lock:7
2026-02-13 13:11:45: 2026-02-13 13:11:45 [info] : [EXEC] ExpiredChannel - Args: [ 'room:game:endafter:lock:6', [Commander], [Namespace], [Namespace], [Namespace] ]
2026-02-13 13:11:45: 2026-02-13 13:11:45 [info] : [ExpiredChannel] Received expired key: room:game:endafter:lock:6
2026-02-13 13:11:45: 2026-02-13 13:11:45 [info] : [EXEC] ExpiredChannel - Args: [ 'room:game:endafter:lock:48', [Commander], [Namespace], [Namespace], [Namespace] ]
2026-02-13 13:11:45: 2026-02-13 13:11:45 [info] : [ExpiredChannel] Received expired key: room:game:endafter:lock:48
2026-02-13 13:11:45: 2026-02-13 13:11:45 [info] : [DONE] ExpiredChannel - Duration: 5ms
2026-02-13 13:11:45: 2026-02-13 13:11:45 [info] : [DONE] ExpiredChannel - Duration: 4ms
2026-02-13 13:11:45: 2026-02-13 13:11:45 [info] : [DONE] ExpiredChannel - Duration: 4ms
2026-02-13 13:11:45: 2026-02-13 13:11:45 [info] : [DONE] ExpiredChannel - Duration: 4ms
2026-02-13 13:11:45: 2026-02-13 13:11:45 [info] : [DONE] ExpiredChannel - Duration: 2ms
2026-02-13 13:11:45: 2026-02-13 13:11:45 [info] : [EXEC] ExpiredChannel - Args: [ 'room:game:endafter:lock:43', [Commander], [Namespace], [Namespace], [Namespace] ]
2026-02-13 13:11:45: 2026-02-13 13:11:45 [info] : [ExpiredChannel] Received expired key: room:game:endafter:lock:43
2026-02-13 13:11:45: 2026-02-13 13:11:45 [info] : [EXEC] ExpiredChannel - Args: [ 'room:game:endafter:lock:43', [Commander], [Namespace], [Namespace], [Namespace] ]
2026-02-13 13:11:45: 2026-02-13 13:11:45 [info] : [ExpiredChannel] Received expired key: room:game:endafter:lock:43
2026-02-13 13:11:45: 2026-02-13 13:11:45 [info] : [DONE] ExpiredChannel - Duration: 1ms
2026-02-13 13:11:45: 2026-02-13 13:11:45 [info] : [DONE] ExpiredChannel - Duration: 1ms
2026-02-13 13:11:45: 2026-02-13 13:11:45 [info] : [EXEC] ExpiredChannel - Args: [ 'room:game:endafter:lock:33', [Commander], [Namespace], [Namespace], [Namespace] ]
2026-02-13 13:11:45: 2026-02-13 13:11:45 [info] : [ExpiredChannel] Received expired key: room:game:endafter:lock:33
2026-02-13 13:11:45: 2026-02-13 13:11:45 [info] : [EXEC] ExpiredChannel - Args: [ 'room:game:endafter:lock:21', [Commander], [Namespace], [Namespace], [Namespace] ]
2026-02-13 13:11:45: 2026-02-13 13:11:45 [info] : [ExpiredChannel] Received expired key: room:game:endafter:lock:21
2026-02-13 13:11:45: 2026-02-13 13:11:45 [info] : [EXEC] ExpiredChannel - Args: [ 'room:game:endafter:lock:33', [Commander], [Namespace], [Namespace], [Namespace] ]
2026-02-13 13:11:45: 2026-02-13 13:11:45 [info] : [ExpiredChannel] Received expired key: room:game:endafter:lock:33
2026-02-13 13:11:45: 2026-02-13 13:11:45 [info] : [EXEC] ExpiredChannel - Args: [ 'room:game:endafter:lock:21', [Commander], [Namespace], [Namespace], [Namespace] ]
2026-02-13 13:11:45: 2026-02-13 13:11:45 [info] : [ExpiredChannel] Received expired key: room:game:endafter:lock:21
2026-02-13 13:11:45: 2026-02-13 13:11:45 [info] : [DONE] ExpiredChannel - Duration: 1ms
2026-02-13 13:11:45: 2026-02-13 13:11:45 [info] : [DONE] ExpiredChannel - Duration: 1ms
2026-02-13 13:11:45: 2026-02-13 13:11:45 [info] : [DONE] ExpiredChannel - Duration: 1ms
2026-02-13 13:11:45: 2026-02-13 13:11:45 [info] : [DONE] ExpiredChannel - Duration: 1ms
2026-02-13 13:11:46: 2026-02-13 13:11:46 [info] : [EXEC] ExpiredChannel - Args: [ 'room:game:endafter:lock:36', [Commander], [Namespace], [Namespace], [Namespace] ]
2026-02-13 13:11:46: 2026-02-13 13:11:46 [info] : [ExpiredChannel] Received expired key: room:game:endafter:lock:36
2026-02-13 13:11:46: 2026-02-13 13:11:46 [info] : [DONE] ExpiredChannel - Duration: 1ms
2026-02-13 13:11:46: 2026-02-13 13:11:46 [info] : [EXEC] ExpiredChannel - Args: [ 'room:game:endafter:lock:36', [Commander], [Namespace], [Namespace], [Namespace] ]
2026-02-13 13:11:46: 2026-02-13 13:11:46 [info] : [ExpiredChannel] Received expired key: room:game:endafter:lock:36
2026-02-13 13:11:46: 2026-02-13 13:11:46 [info] : [DONE] ExpiredChannel - Duration: 1ms
